user_id,product_id,rating
652,216,1
747,430,1
660,277,5
611,410,5
607,385,5
726,408,1
279,419,3
971,457,3
388,283,4
776,468,4
335,118,1
388,272,1
449,320,3
844,93,5
693,483,5
684,251,4
288,260,4
946,296,4
783,98,4
163,317,5
346,330,3
456,81,5
127,281,4
478,470,1
392,261,3
946,207,5
857,298,2
749,209,1
695,103,4
53,329,4
459,386,4
143,434,2
349,396,2
684,4,4
723,218,3
575,30,3
121,54,5
276,101,4
970,268,2
374,306,5
928,227,2
3,457,5
706,71,2
385,42,2
515,11,4
299,440,5
26,285,5
548,338,2
565,54,4
661,79,4
6,29,1
345,186,2
41,420,3
990,28,4
196,403,4
156,450,4
349,37,5
653,353,1
274,325,5
772,384,5
473,189,1
433,19,2
144,388,1
181,408,3
995,126,3
58,300,4
292,260,2
486,216,5
962,98,1
637,361,4
877,434,3
63,47,5
595,233,2
443,301,1
233,184,4
915,281,4
539,347,2
41,202,3
620,65,5
46,328,1
736,122,4
614,236,3
181,215,1
217,295,5
240,305,3
908,450,1
392,403,5
851,265,1
421,340,5
633,183,2
35,361,4
228,318,5
922,74,5
577,248,5
838,23,2
373,53,1
291,117,4
979,441,2
422,436,1
899,293,5
298,194,3
468,338,4
919,306,5
51,343,1
485,167,3
222,290,3
615,282,2
873,366,5
837,61,1
993,368,3
364,479,2
98,80,1
48,411,4
934,467,3
829,400,3
661,136,2
247,107,5
449,20,5
400,393,4
542,176,4
414,64,4
639,172,4
536,158,1
439,204,3
894,60,5
492,329,5
490,416,5
547,262,2
460,440,3
15,333,3
152,87,1
49,51,1
510,194,4
512,392,3
492,149,5
885,299,4
267,36,1
142,249,2
53,490,1
989,479,5
454,84,1
817,61,1
441,305,4
755,252,4
830,280,1
662,461,3
259,460,4
732,50,3
203,372,1
623,432,1
506,158,4
397,336,5
895,271,4
470,454,4
152,75,4
817,261,1
340,242,2
368,58,5
560,58,4
431,38,5
317,438,1
138,466,3
148,134,4
366,148,1
563,249,5
247,121,1
405,119,2
798,120,5
969,145,1
746,486,2
470,16,5
320,350,1
768,300,1
393,195,1
40,370,1
402,119,1
1,242,2
523,43,1
459,234,2
731,334,4
69,487,5
520,164,4
961,62,3
119,210,1
376,436,5
806,137,4
190,391,1
158,151,2
389,346,5
157,223,4
494,299,4
616,455,1
705,281,2
427,193,1
562,144,4
682,60,4
963,450,2
170,115,1
117,495,2
578,283,5
620,361,4
42,44,3
242,325,2
575,189,4
249,67,5
622,247,4
446,122,5
461,138,2
870,49,4
878,177,4
394,57,4
13,445,1
858,496,5
437,54,4
442,93,1
65,235,5
765,336,2
638,220,4
776,360,2
428,99,5
971,156,3
520,346,1
420,233,3
190,107,1
205,245,4
635,12,4
824,309,1
841,112,2
420,78,3
279,269,3
762,460,5
69,384,1
60,493,3
608,403,4
349,450,4
602,120,5
280,257,5
895,53,5
95,406,3
473,474,4
696,26,5
944,308,1
868,402,3
217,144,2
11,357,3
350,15,2
566,61,3
494,101,5
170,242,5
235,294,5
659,211,4
967,227,2
51,188,3
704,471,3
610,306,4
562,215,3
845,483,5
97,493,5
946,436,4
191,276,4
215,476,3
348,258,4
784,325,2
790,376,1
361,184,1
640,265,3
110,361,3
76,275,3
420,496,4
775,356,3
866,46,3
656,316,2
687,38,2
712,196,4
546,192,1
314,222,2
391,292,2
956,98,5
445,195,1
645,203,4
208,58,2
529,174,3
976,238,4
801,431,2
284,476,2
759,200,2
888,54,2
18,183,2
516,262,1
938,312,1
58,28,1
258,65,2
672,141,2
418,105,1
581,144,1
417,440,3
199,234,5
284,72,2
223,306,5
769,253,1
238,301,5
14,286,4
939,68,4
855,22,1
745,151,3
854,399,2
450,181,1
347,325,1
500,446,2
940,274,3
716,386,3
27,354,5
771,30,2
591,331,3
50,94,2
771,256,5
924,67,2
18,122,3
983,327,4
774,244,3
600,315,4
280,380,1
91,5,2
467,478,4
228,171,1
130,137,5
574,326,5
270,128,2
352,121,1
905,292,1
696,485,5
485,82,5
276,423,5
644,371,4
891,383,5
583,346,2
492,448,3
933,214,2
831,168,4
78,259,5
862,23,3
679,416,1
75,13,2
183,282,4
210,73,1
945,467,1
175,478,1
813,249,1
270,419,1
689,416,3
160,425,2
646,338,5
406,303,2
522,300,3
894,67,5
308,152,2
197,365,4
315,179,5
811,245,1
190,39,4
175,291,3
189,413,1
978,208,1
829,433,5
636,241,4
944,386,4
568,495,3
277,167,2
818,171,2
939,394,2
300,123,5
478,388,3
424,349,4
693,337,3
739,484,5
762,383,3
784,483,2
889,15,3
140,225,3
766,445,5
87,139,1
675,345,4
7,115,2
188,219,2
692,308,2
322,42,1
442,34,3
556,277,3
238,456,1
918,110,2
37,12,2
839,286,5
817,266,5
790,192,4
539,102,2
578,150,1
147,394,1
791,119,1
269,237,5
3,53,4
144,9,2
524,177,4
502,172,3
137,430,4
805,277,5
346,432,5
92,266,1
918,190,2
514,24,2
899,195,1
721,128,3
293,18,3
921,281,2
972,362,2
650,425,5
628,389,4
738,144,2
385,368,4
109,482,3
466,322,1
6,73,1
166,199,2
744,125,3
838,57,1
269,155,1
688,332,3
468,332,4
319,171,2
885,439,3
43,135,1
818,98,1
173,414,1
672,96,5
171,467,4
140,256,4
349,255,2
966,487,3
683,100,1
727,96,5
465,333,1
624,421,4
55,119,3
722,184,4
957,81,1
248,196,5
704,434,2
712,342,1
471,126,3
927,294,2
320,266,5
999,402,2
96,498,4
226,456,5
176,210,1
380,414,5
649,196,5
636,64,4
228,141,3
744,369,4
489,182,2
224,421,5
505,336,3
571,405,4
24,204,2
571,487,4
788,205,5
964,467,4
321,5,1
270,321,3
522,378,3
950,3,2
767,456,4
587,114,2
718,489,1
240,312,1
90,394,1
918,190,3
105,321,5
600,351,3
755,481,4
329,161,2
290,5,1
468,36,2
581,101,3
301,10,1
572,350,2
596,19,5
187,344,4
274,26,1
117,71,5
491,282,4
593,423,4
596,190,3
738,81,2
345,299,3
135,327,3
630,148,1
905,138,5
1000,92,5
658,33,3
426,273,1
671,31,2
794,266,1
938,26,2
93,321,3
585,185,1
647,292,2
490,365,2
11,381,3
1000,487,1
998,330,5
136,358,3
846,167,4
126,311,2
985,55,4
836,170,2
766,355,2
107,356,2
400,197,3
335,429,3
837,108,3
413,323,1
841,488,3
152,222,4
902,260,2
408,35,5
206,320,5
329,437,1
837,242,4
452,239,3
746,114,2
50,276,1
346,177,5
488,407,5
599,405,3
873,359,5
195,307,4
322,133,1
399,138,5
542,336,4
544,179,2
947,83,1
604,318,3
315,202,4
311,154,2
295,298,5
821,19,2
324,366,4
416,459,4
174,448,4
382,51,1
940,247,4
535,90,3
302,249,1
576,448,4
676,175,5
361,278,2
362,403,2
758,291,3
575,196,5
146,96,1
731,209,5
584,422,1
109,375,5
569,459,1
508,493,2
809,34,5
49,354,4
59,460,5
1000,317,5
571,404,1
165,22,5
650,197,3
485,76,5
522,274,1
45,115,1
783,127,4
428,216,5
937,4,5
138,430,5
935,205,3
550,474,2
611,150,5
626,90,2
436,326,4
813,425,3
779,235,5
112,433,5
440,350,4
363,324,1
398,331,3
716,116,4
61,144,2
911,141,1
582,366,5
536,465,3
436,330,3
507,323,3
142,398,4
35,134,4
30,387,4
914,205,2
818,241,1
501,296,5
895,493,4
363,44,1
295,419,2
512,115,4
912,242,3
776,358,5
139,122,2
19,2,1
706,314,5
146,483,2
74,54,3
998,89,1
994,96,3
887,370,3
53,387,3
615,248,5
763,5,3
568,247,4
628,487,1
303,389,3
308,116,3
118,53,1
189,56,3
45,280,5
918,380,3
278,471,3
295,248,4
354,54,3
644,302,4
297,472,5
771,156,1
558,245,5
447,442,1
522,247,4
624,392,2
328,482,3
68,70,1
654,266,5
276,72,2
199,196,3
273,118,1
857,140,2
576,218,1
64,15,1
560,391,4
968,345,3
446,110,1
567,477,2
199,225,3
644,500,3
110,78,5
259,129,3
894,123,2
495,440,4
388,478,2
518,436,3
223,266,2
987,388,5
557,335,2
163,8,1
128,394,2
475,474,2
286,145,2
77,46,4
564,425,3
904,264,5
11,124,1
225,495,4
239,327,4
603,257,2
794,270,4
870,396,5
184,484,1
183,413,1
852,309,5
953,461,3
871,268,2
515,424,1
234,288,1
212,156,4
417,191,2
73,472,2
24,416,3
156,257,5
727,498,4
245,15,3
137,45,1
994,185,1
821,343,4
925,2,3
426,450,2
762,379,3
746,398,5
795,196,5
469,154,5
656,138,5
81,193,4
244,241,5
181,230,2
535,239,2
54,75,5
280,267,2
759,307,2
444,268,3
677,356,5
799,484,2
974,18,3
244,216,5
203,55,1
30,274,4
135,10,1
810,171,4
493,274,1
845,20,1
946,440,4
533,238,1
79,116,4
602,129,4
157,324,2
83,417,1
829,252,4
10,282,3
969,264,5
573,121,3
967,96,1
224,352,3
627,449,1
362,12,1
906,414,2
708,327,2
579,448,3
604,179,2
184,495,5
239,294,5
413,304,3
739,102,3
472,326,4
484,483,2
849,360,2
840,303,4
25,3,3
239,106,3
976,415,5
131,78,4
393,184,1
919,297,2
927,102,1
197,89,3
712,48,4
932,194,1
319,488,1
297,372,5
33,43,5
762,200,1
200,351,4
672,279,4
322,310,3
124,495,4
1,57,1
500,461,2
113,304,1
917,329,5
533,94,4
622,206,5
882,60,5
126,412,1
779,332,2
923,125,1
64,217,2
883,328,3
587,269,3
360,253,1
956,113,4
932,328,1
610,338,5
412,171,5
563,243,2
807,89,4
912,413,3
302,109,5
130,79,5
347,430,4
363,453,4
660,145,1
788,453,3
351,10,1
416,242,3
105,245,2
900,497,4
713,381,3
439,369,2
600,356,1
430,159,3
937,128,1
238,439,5
827,367,5
721,256,5
785,425,4
533,223,1
126,290,2
767,187,1
733,426,2
702,199,1
343,419,3
164,382,5
63,370,3
986,210,3
706,404,4
124,158,1
407,153,4
808,354,3
903,249,4
45,308,3
209,457,2
593,228,1
887,168,4
740,287,5
660,46,2
987,248,3
234,352,2
902,448,5
296,370,3
420,466,2
496,406,2
302,20,5
811,201,5
460,54,4
215,435,4
31,383,3
447,82,2
182,26,3
789,65,2
539,149,5
709,5,3
95,243,2
196,481,3
277,233,1
803,259,2
336,377,5
681,416,5
33,72,5
996,419,5
534,342,5
698,372,5
253,196,2
480,208,3
976,476,4
818,436,3
347,102,1
959,32,2
671,119,2
218,440,1
879,432,4
852,413,5
241,126,1
974,133,1
469,156,5
344,101,2
805,410,5
564,399,5
593,408,2
276,5,1
32,11,2
517,262,5
898,25,5
813,84,4
356,350,2
477,79,4
389,482,1
828,59,1
342,186,4
3,484,4
36,389,2
540,461,1
799,495,4
236,314,5
317,91,3
707,179,3
350,371,1
803,114,1
495,322,3
241,297,1
244,239,4
879,112,1
650,35,2
682,470,2
95,266,1
668,355,1
849,335,4
948,56,2
405,278,1
923,499,3
172,329,4
607,91,3
305,106,3
357,277,4
328,421,3
312,243,3
490,63,3
215,364,3
633,354,4
22,463,5
535,52,4
127,401,1
526,330,4
413,176,2
500,65,2
531,47,5
25,208,2
248,441,2
37,117,3
925,301,4
411,444,3
898,440,3
964,69,1
432,329,5
997,225,1
804,449,3
393,159,2
842,366,2
827,365,2
949,384,4
559,94,5
588,210,5
413,486,3
27,20,2
102,347,2
978,234,2
723,486,1
306,472,3
81,39,5
858,63,3
231,78,3
153,283,4
209,6,3
924,331,1
828,86,5
972,279,5
219,30,5
478,246,1
83,192,2
543,76,4
431,488,3
765,200,5
454,58,2
49,16,3
611,11,5
641,178,4
920,66,5
543,307,2
583,434,1
897,69,1
263,94,1
347,404,4
243,187,1
18,236,3
142,301,3
228,32,1
880,178,2
331,99,4
725,136,5
141,491,2
773,365,5
532,34,4
841,478,2
508,433,2
494,226,1
838,375,2
278,14,5
814,116,3
661,9,1
565,343,1
22,44,5
89,247,2
588,401,5
253,175,3
509,227,3
936,67,1
167,13,4
427,321,5
936,389,3
324,488,3
537,273,5
505,26,2
912,228,4
745,268,3
523,69,3
108,366,3
468,417,2
884,37,4
549,436,2
672,478,5
471,219,3
289,109,4
122,127,5
96,213,1
240,269,3
194,294,5
755,450,1
135,241,3
267,36,4
444,468,2
10,378,1
342,381,3
69,456,1
976,218,3
744,430,1
851,75,4
528,102,2
919,422,5
505,149,2
298,472,4
850,10,2
973,470,2
74,454,3
112,478,2
372,312,2
228,150,4
464,39,4
530,115,5
844,207,1
697,187,1
228,344,5
438,156,2
221,47,5
236,378,3
703,57,1
147,77,2
267,451,1
305,262,2
563,304,1
918,487,2
113,116,1
561,151,3
941,29,5
954,261,4
725,250,1
309,35,3
196,50,2
805,467,2
172,110,4
161,355,1
886,181,2
894,2,5
607,30,4
395,482,5
471,444,5
700,388,2
686,332,5
197,468,3
141,308,4
941,276,1
304,365,5
147,207,5
950,170,2
381,431,2
892,442,2
728,235,5
902,483,4
542,245,2
861,226,2
448,353,5
432,106,3
162,215,5
128,383,4
675,96,5
580,473,2
640,278,2
55,237,2
758,224,5
278,119,5
505,481,2
362,88,5
73,402,3
216,127,2
960,273,2
849,11,4
926,209,4
827,172,3
491,111,2
78,208,3
685,144,4
910,499,3
447,164,1
172,182,1
164,132,3
337,21,1
210,189,3
704,68,3
468,223,4
521,90,4
63,453,1
655,345,3
818,439,4
14,377,2
317,433,5
97,220,1
145,259,5
186,495,5
405,156,2
293,408,4
128,61,1
154,68,5
233,10,1
978,371,5
284,431,3
755,401,3
670,495,3
929,181,2
483,369,2
934,310,1
123,404,4
793,284,2
19,459,2
407,241,5
486,89,3
222,439,2
834,302,2
778,486,5
545,418,2
94,215,3
449,21,5
657,331,1
543,169,5
145,398,2
348,198,1
681,400,2
854,71,3
234,33,3
877,13,4
112,352,5
99,135,5
859,161,5
863,497,2
8,116,3
697,396,1
767,56,5
851,117,2
58,211,2
505,171,2
176,269,5
389,188,1
328,483,1
595,389,1
243,326,1
308,465,1
97,56,2
817,127,1
457,295,1
76,353,4
118,73,2
476,112,3
335,332,5
425,331,1
355,454,3
24,192,2
369,15,4
689,255,4
59,196,4
474,320,5
526,236,2
890,144,2
948,311,3
806,252,4
855,241,5
624,385,5
710,353,4
248,472,5
434,414,1
632,381,5
418,377,4
226,142,3
194,138,4
205,13,4
424,212,4
437,219,3
33,400,5
50,192,5
833,205,1
670,471,1
892,70,1
927,377,3
315,225,1
270,411,2
972,365,1
985,11,3
386,19,1
376,98,4
103,214,1
433,262,1
142,352,2
303,301,4
822,168,5
663,28,3
727,391,4
164,391,4
845,252,2
228,65,3
200,440,5
938,267,2
293,242,4
433,436,5
47,45,1
499,320,5
142,313,1
549,376,4
887,268,3
389,159,4
602,218,4
526,231,5
251,137,1
252,201,1
366,322,3
616,339,5
965,207,1
945,424,5
950,209,4
431,394,5
164,470,3
869,226,5
321,303,2
747,392,3
323,420,3
532,127,1
583,101,2
541,423,5
674,52,5
726,150,1
993,298,4
330,393,5
332,225,2
469,356,1
943,123,4
313,212,3
881,488,5
889,46,1
496,291,5
364,263,5
10,45,5
887,149,4
372,340,3
243,470,4
581,240,4
184,83,3
397,478,5
74,252,2
636,13,4
260,288,2
180,207,5
669,324,1
967,392,3
727,159,5
562,327,4
330,15,3
221,40,1
139,133,1
312,28,1
226,287,2
600,2,4
469,421,1
971,432,2
998,360,3
131,362,4
455,322,3
219,486,2
916,179,1
121,339,5
521,408,3
741,23,4
24,113,2
216,25,3
304,299,5
79,408,1
571,281,2
225,112,1
485,269,3
268,25,2
661,286,5
27,130,4
876,433,3
322,364,3
466,138,1
416,277,5
314,221,1
588,217,3
78,24,2
458,217,3
748,49,5
144,192,1
252,244,3
110,381,3
167,211,5
902,269,2
592,307,5
481,45,2
366,10,4
855,212,1
531,140,4
44,70,4
764,208,2
899,337,1
333,161,5
385,6,5
872,329,2
414,92,4
171,28,4
317,109,1
163,327,1
779,4,3
118,327,1
875,104,1
841,36,2
17,124,4
731,318,3
15,329,3
52,472,1
16,48,1
236,191,4
818,88,3
978,281,2
157,431,2
520,437,4
366,369,4
632,48,3
951,393,4
647,255,1
591,300,1
699,295,1
4,188,4
275,138,1
356,74,1
255,464,2
921,363,3
616,60,1
386,361,3
202,365,5
608,141,1
815,46,4
502,160,2
412,12,5
799,135,2
1,471,1
753,149,4
107,299,5
15,202,2
411,221,1
542,309,2
789,125,5
691,60,5
127,116,5
488,258,5
911,130,3
631,92,1
876,35,4
280,273,2
826,287,1
1000,107,4
695,43,1
981,10,3
597,209,2
395,140,3
370,258,2
242,179,3
468,79,3
331,170,4
652,11,2
680,53,1
465,155,3
203,398,1
534,71,3
761,79,4
7,430,2
285,253,2
154,156,2
191,353,2
958,109,1
971,304,4
325,483,2
326,28,2
662,197,3
119,476,5
431,144,3
628,327,1
78,6,4
645,421,4
212,471,4
876,256,2
262,42,1
751,51,5
939,412,4
540,275,2
900,21,1
911,476,4
689,285,3
440,457,1
745,205,2
392,161,2
151,136,3
222,195,4
926,414,1
379,260,5
620,33,3
603,154,5
267,120,3
991,122,4
314,479,2
904,314,1
782,81,5
76,406,4
771,170,1
623,176,3
74,480,5
186,55,1
794,68,5
259,2,4
969,27,1
411,433,4
608,408,2
210,419,3
926,289,2
39,398,1
17,431,2
585,287,5
350,72,1
644,36,1
661,226,3
414,139,4
842,47,1
604,250,1
699,94,2
640,94,5
350,472,2
957,112,2
51,101,3
427,75,4
171,210,4
633,202,1
970,496,2
432,486,5
256,317,3
771,324,4
608,263,3
893,182,2
237,50,4
434,205,3
178,278,1
843,416,4
105,412,3
852,252,2
816,172,5
770,218,1
419,273,5
648,392,1
522,180,2
846,347,3
795,352,5
956,38,2
276,291,2
409,41,2
235,156,2
18,419,1
985,1,1
909,402,1
634,135,1
93,370,1
472,272,4
711,216,5
424,93,2
196,99,4
136,342,3
662,114,3
122,316,2
135,235,4
482,463,5
330,200,4
822,278,3
775,332,3
281,59,5
64,203,2
652,40,1
846,98,1
292,495,2
258,210,2
325,400,5
745,348,3
720,107,4
38,494,4
800,302,2
632,297,5
57,164,1
282,146,1
843,267,1
989,330,1
173,175,1
290,217,3
433,496,5
749,308,4
838,493,2
544,162,2
476,21,4
623,494,3
162,129,3
505,19,3
594,422,2
796,201,4
512,317,2
906,254,5
999,320,3
364,420,1
491,383,2
319,187,5
177,226,3
626,390,2
877,108,1
421,295,2
850,214,1
795,227,1
6,105,5
59,310,5
755,134,5
459,117,5
964,435,3
565,49,5
448,319,5
942,110,5
6,124,1
62,56,1
925,310,2
454,436,4
86,291,4
79,408,4
875,216,1
593,493,4
576,104,4
793,146,2
791,352,1
338,239,2
662,373,2
860,381,1
568,124,3
678,143,1
764,414,5
262,447,3
247,251,4
411,253,2
680,172,1
321,201,4
44,255,5
758,421,4
53,90,3
201,397,3
769,138,1
655,4,1
31,214,4
618,422,2
517,483,1
475,271,2
244,106,5
318,476,5
851,270,3
508,465,1
508,284,2
711,434,4
734,377,4
651,389,1
7,284,2
526,193,5
100,63,4
512,338,5
78,162,1
909,373,1
187,361,2
80,244,3
88,289,2
602,2,5
956,197,2
729,5,1
82,241,3
348,378,2
786,68,4
80,169,3
36,500,1
563,493,1
708,438,5
540,466,1
275,243,3
121,433,5
490,444,4
50,414,5
657,273,4
234,415,4
408,80,3
958,182,5
315,96,5
804,93,3
858,100,3
748,257,4
958,253,4
52,454,4
685,343,5
201,113,1
841,466,5
381,183,2
58,147,5
948,257,4
460,220,3
957,206,4
656,277,4
500,461,1
738,353,2
609,5,5
923,92,5
838,188,4
643,15,5
889,243,3
787,226,4
283,175,4
103,430,4
518,279,2
649,102,5
438,25,1
950,355,4
933,112,3
77,401,4
221,315,3
202,343,4
598,213,5
643,53,5
205,182,2
840,323,4
661,293,5
625,254,4
753,104,1
997,257,2
589,248,4
366,202,3
590,211,4
835,200,3
708,470,3
632,383,4
98,50,5
655,477,1
383,260,2
111,52,3
481,405,4
935,22,1
967,14,3
571,70,4
461,428,2
129,143,3
592,290,4
902,243,1
382,272,4
558,492,2
123,231,2
541,25,1
437,177,2
899,100,2
915,396,2
987,343,4
347,45,5
586,299,3
747,297,1
770,231,4
989,16,1
44,264,3
207,406,3
516,37,4
876,475,3
203,39,1
973,34,5
797,215,1
67,490,3
247,202,2
826,222,1
713,499,2
291,46,1
345,433,2
5,151,2
710,233,5
959,188,5
74,99,3
970,474,2
514,341,2
340,164,2
710,303,2
624,199,1
892,54,3
950,324,4
985,52,1
215,197,5
766,10,1
536,417,5
554,493,1
452,224,5
355,124,3
63,149,2
761,44,3
422,314,4
31,115,2
339,488,1
218,325,2
841,295,5
396,96,4
603,159,5
813,328,4
883,96,5
387,181,3
13,86,3
576,394,2
366,56,3
110,34,4
87,167,2
491,480,1
136,119,2
216,202,5
867,88,5
66,31,5
460,54,4
933,219,5
337,227,4
101,133,2
93,371,3
776,290,3
22,218,4
978,498,5
75,66,4
228,500,2
335,127,4
55,298,3
957,440,3
832,206,3
640,140,4
454,347,1
39,317,5
34,57,2
654,210,2
65,255,5
636,36,3
74,94,5
470,341,2
973,216,3
853,347,4
78,243,1
58,219,5
342,414,1
914,394,2
614,378,2
438,350,4
98,88,5
561,44,3
310,52,4
946,182,1
629,173,3
244,414,4
353,443,3
235,312,3
890,4,3
816,340,2
971,201,1
947,251,1
574,164,5
828,288,4
892,124,1
832,451,2
594,46,1
16,332,4
952,453,2
513,277,1
373,187,3
764,214,2
541,199,5
866,260,1
250,211,1
467,448,4
59,308,5
473,29,5
447,174,3
522,334,1
792,487,3
51,80,3
149,174,1
464,71,5
913,172,4
272,411,2
853,1,4
914,394,1
536,208,1
922,25,1
896,76,1
538,476,5
440,287,5
140,351,4
134,361,1
134,387,3
638,302,2
118,299,4
953,360,5
845,157,1
866,144,5
593,479,3
413,115,4
265,139,2
445,156,3
384,482,2
242,31,5
670,122,2
64,351,3
809,185,1
558,391,4
413,178,3
125,206,4
292,120,1
787,1,1
10,317,5
32,390,4
205,21,2
268,349,1
276,382,3
709,376,5
551,391,4
907,344,2
271,403,1
919,306,1
949,46,4
811,230,3
991,89,5
955,445,5
132,219,1
184,244,5
894,265,5
966,266,3
118,380,3
929,285,1
173,423,3
752,140,1
851,318,2
813,149,5
573,356,2
389,488,4
817,267,2
431,93,1
135,496,1
773,93,2
233,455,5
549,227,3
496,25,2
69,104,2
628,13,5
964,282,4
689,29,2
610,159,1
328,314,1
886,27,4
262,361,5
484,361,4
592,249,1
214,285,2
973,110,5
569,396,1
680,352,2
411,44,1
963,182,4
935,463,4
525,416,5
259,200,4
971,430,1
443,12,3
875,241,1
45,283,3
227,272,5
790,426,5
257,97,4
906,320,1
571,458,2
594,401,1
370,278,5
88,476,5
961,166,4
581,233,3
740,450,2
959,124,1
674,423,5
332,285,1
125,132,2
12,500,5
531,111,1
90,480,2
82,196,2
603,499,5
159,268,4
833,220,5
526,483,4
825,492,5
88,415,4
651,395,4
635,4,2
616,198,5
532,487,4
93,120,2
618,166,1
878,353,2
725,69,5
560,319,4
852,116,4
221,305,1
902,340,5
731,257,4
458,270,5
533,459,1
457,500,4
917,123,4
560,175,2
190,442,2
711,478,1
608,490,2
918,295,4
564,87,4
149,170,2
15,385,4
328,118,1
219,285,2
538,408,5
144,477,5
512,437,4
408,449,5
487,112,5
106,58,2
209,164,2
995,24,4
807,205,3
899,168,5
34,403,5
157,496,5
914,363,4
133,240,4
863,481,1
261,413,4
91,340,1
423,204,2
577,385,5
872,110,1
685,280,5
122,198,5
157,256,2
337,112,4
23,498,1
380,163,2
753,199,3
9,444,4
948,13,3
269,18,4
346,145,5
818,73,5
927,256,1
710,409,5
434,160,1
765,479,2
460,195,4
185,342,4
351,249,1
630,88,2
459,444,1
212,394,3
489,269,2
812,260,5
224,103,4
90,245,5
399,342,4
980,50,3
394,158,4
878,211,5
672,266,2
334,270,3
285,150,1
750,343,3
404,283,4
211,267,3
174,20,4
411,218,5
451,337,3
192,19,3
274,223,5
552,364,3
64,240,3
210,410,4
213,454,2
597,192,1
241,117,1
934,48,1
662,182,2
966,2,3
996,374,2
262,293,5
756,52,5
730,431,5
242,122,2
633,82,5
828,191,3
423,69,4
624,85,5
56,6,1
828,248,3
474,187,4
307,228,4
288,239,4
250,32,2
425,456,1
166,145,5
214,9,2
777,84,1
808,296,2
487,224,2
702,142,3
171,170,5
861,178,3
753,424,3
455,28,2
922,240,1
361,232,5
735,499,2
284,486,3
912,228,3
407,259,1
110,96,2
629,71,2
515,173,4
136,133,2
75,324,3
154,244,5
270,85,3
416,50,1
612,269,1
906,258,5
218,45,3
47,292,4
981,179,2
561,72,4
61,55,1
438,498,1
181,88,1
94,464,2
145,256,2
771,8,4
163,165,2
474,145,4
595,19,5
590,97,5
658,156,1
865,384,3
908,354,4
62,215,3
403,293,2
712,400,2
134,9,3
951,250,3
959,478,1
47,295,2
830,198,1
567,56,4
540,61,4
46,438,3
596,218,1
479,29,1
476,49,5
294,284,5
893,369,5
344,409,4
949,378,1
816,387,5
475,7,1
279,293,1
606,420,1
718,336,3
871,343,5
607,98,3
357,247,5
830,17,4
305,168,3
761,302,4
997,119,2
954,150,2
287,245,1
88,81,2
323,127,1
930,453,2
21,400,4
811,407,1
798,26,1
847,222,2
771,477,5
419,82,1
790,9,2
196,361,5
298,346,2
444,460,3
582,450,4
619,356,2
399,355,2
317,377,5
675,256,1
849,416,1
481,440,4
753,23,3
224,62,3
326,63,3
363,229,2
967,257,2
288,359,4
646,30,3
509,173,3
918,110,2
277,65,2
59,148,4
321,262,1
478,12,5
546,246,4
1000,226,4
804,76,1
773,282,1
86,143,5
599,74,1
10,332,5
989,241,5
142,279,2
183,191,4
633,236,4
39,436,1
471,360,1
964,139,3
637,293,4
2,488,2
329,253,3
80,161,5
895,339,2
928,382,1
233,366,1
491,477,5
964,240,2
388,97,5
813,451,4
161,359,3
83,68,3
752,258,3
167,51,3
23,181,1
596,397,3
112,119,4
941,93,4
223,81,3
348,428,2
912,167,4
797,8,1
238,311,5
823,82,3
281,306,1
407,472,4
371,305,5
870,92,1
405,6,4
760,133,2
231,151,5
831,217,1
361,442,1
183,34,2
23,302,2
643,428,5
984,204,3
772,292,2
291,176,2
443,377,5
710,13,4
352,426,4
594,5,2
784,192,5
939,437,4
714,485,5
445,368,2
34,137,4
580,120,5
254,311,2
239,290,1
188,56,2
135,267,2
506,17,3
830,355,2
641,103,5
446,473,3
848,442,2
597,138,1
179,218,3
147,32,1
953,187,5
910,391,5
173,136,3
856,161,1
999,453,1
557,208,3
713,327,4
133,354,4
858,280,2
59,140,5
68,419,3
809,16,5
312,265,3
330,158,2
734,196,1
94,98,4
685,352,1
988,457,5
49,137,3
176,415,1
400,293,4
709,61,4
333,324,2
513,366,5
502,89,1
358,38,2
432,331,2
270,223,5
145,173,5
497,47,5
665,371,4
586,205,1
43,236,3
56,57,1
445,485,5
968,136,1
584,67,2
946,317,5
749,11,5
264,371,3
209,460,3
248,17,5
282,94,5
27,352,2
901,257,4
80,305,4
58,360,4
281,270,2
721,83,3
782,478,5
336,441,3
860,484,3
929,479,1
661,344,5
868,459,1
620,446,1
259,366,1
247,485,5
840,315,3
532,162,2
532,377,4
948,40,4
754,66,1
540,21,5
823,450,5
687,428,4
766,176,5
380,110,5
781,468,2
349,393,5
45,358,4
81,169,5
792,192,3
490,137,5
31,265,5
930,384,4
673,399,2
561,135,1
476,350,1
577,416,5
600,457,3
623,79,4
265,99,5
350,93,1
265,434,1
723,475,1
671,14,3
569,68,3
808,173,4
975,452,4
807,50,1
390,163,1
200,68,2
877,150,4
617,265,2
943,51,3
542,275,5
771,238,4
73,424,3
949,496,1
904,196,4
300,34,3
517,165,5
472,159,3
232,484,2
961,367,2
206,134,1
707,105,3
318,300,2
500,275,5
399,499,5
601,408,1
258,69,2
127,68,2
11,328,2
91,256,1
664,24,5
425,222,3
242,151,2
857,95,1
936,244,2
148,405,3
70,164,4
413,400,3
734,403,4
891,445,3
848,337,2
971,461,3
871,24,5
224,97,2
899,440,2
303,228,4
513,23,5
611,103,5
171,52,5
234,44,5
980,362,1
317,164,3
782,464,3
363,122,1
833,279,5
201,157,1
739,130,5
575,292,1
711,165,5
307,463,3
174,98,5
156,423,1
824,83,2
553,345,3
339,297,2
128,390,3
73,20,1
412,93,1
358,245,2
370,129,5
532,286,1
640,328,2
29,157,4
744,172,1
491,125,1
638,408,3
375,462,2
870,36,4
756,169,5
579,171,1
386,494,3
11,139,1
811,120,3
777,106,5
855,330,3
890,216,1
525,483,1
867,435,1
791,481,5
796,19,5
823,242,1
447,249,1
398,36,1
232,234,3
614,397,4
209,429,2
607,287,4
639,56,4
493,455,3
690,346,4
513,103,4
876,306,2
228,34,2
873,331,2
590,251,4
32,165,2
813,388,4
962,178,5
208,293,3
964,25,2
158,193,2
120,281,4
170,34,3
701,105,2
711,66,5
809,120,4
964,54,5
265,474,3
691,105,3
331,426,1
241,478,5
20,79,3
63,107,2
636,343,5
256,129,4
813,89,2
900,358,2
844,99,3
165,444,4
144,322,5
157,87,1
453,5,3
880,35,3
78,297,2
207,429,4
588,423,3
252,337,5
909,278,4
40,38,4
583,293,2
33,471,1
721,172,1
880,344,3
949,417,4
592,362,4
364,190,2
762,453,1
286,262,3
627,172,4
320,324,5
662,473,3
674,227,2
290,109,5
84,11,1
231,77,5
62,284,3
904,457,3
512,441,1
604,189,1
388,445,3
498,492,5
631,228,2
765,482,3
577,467,4
21,293,3
768,218,4
484,126,4
193,146,4
426,436,5
723,354,2
195,104,3
28,177,3
969,371,5
237,279,2
503,467,1
51,238,2
443,400,3
636,131,3
262,150,1
202,95,3
407,145,1
52,51,3
359,373,2
540,483,4
160,206,2
102,240,3
643,16,5
894,407,3
676,6,1
771,135,2
59,107,4
950,14,1
323,201,5
35,310,1
492,110,4
296,394,4
875,15,1
95,132,3
767,40,5
977,166,4
434,457,2
766,226,5
547,483,1
317,276,4
287,488,3
211,496,3
893,15,3
994,78,4
396,298,3
112,29,4
680,384,2
351,154,1
624,427,4
468,406,2
138,443,2
747,450,4
360,393,4
950,310,3
908,487,5
740,163,2
200,104,5
537,427,4
693,452,4
621,335,2
487,199,1
68,484,1
339,16,1
107,326,5
125,346,5
205,467,5
450,352,1
626,366,4
708,404,2
458,232,3
889,108,2
13,414,1
893,397,4
826,276,2
736,20,1
409,379,1
239,390,5
949,364,5
308,498,1
488,62,2
122,408,3
746,176,1
570,244,4
70,300,3
61,177,1
393,83,5
404,95,5
554,432,5
887,309,5
913,416,1
569,481,2
979,113,4
218,487,3
987,403,5
716,224,4
412,306,3
525,137,3
259,71,3
545,46,1
901,388,2
535,125,3
85,330,3
708,173,1
491,340,4
927,5,1
315,400,4
320,274,4
493,333,4
719,172,2
788,264,2
961,86,2
807,131,3
428,467,3
860,18,5
732,69,3
273,176,5
950,180,5
888,365,1
933,121,2
661,88,2
664,301,1
34,10,4
761,269,1
192,487,4
892,296,2
842,204,1
117,487,2
475,427,4
887,131,1
180,347,2
864,111,5
931,435,5
544,143,2
746,183,3
129,471,5
587,430,4
273,66,4
110,359,5
720,330,2
839,462,4
947,23,2
528,394,2
406,84,1
866,388,3
836,487,5
131,56,4
74,125,2
674,167,3
608,299,4
248,284,2
558,337,1
337,461,2
643,142,4
342,363,4
487,159,2
999,386,4
710,429,2
700,394,1
934,26,3
224,431,5
11,400,2
307,393,2
898,111,4
202,27,1
88,286,5
723,301,5
119,8,5
618,360,2
518,483,2
805,375,5
429,309,3
277,308,4
827,459,5
307,188,4
80,207,1
7,313,2
725,428,3
302,184,4
813,261,4
442,93,5
744,363,4
372,184,4
401,142,1
533,245,1
115,221,5
391,380,5
239,242,3
962,385,3
499,443,2
941,182,4
323,493,1
392,154,1
532,363,4
200,409,1
773,105,2
149,18,2
632,423,4
353,371,4
235,413,3
375,163,4
600,235,5
589,79,3
368,365,3
453,7,5
758,149,1
675,218,4
589,126,5
300,410,1
838,215,5
867,171,4
384,71,3
866,451,1
453,336,1
737,464,5
470,244,5
151,486,5
556,274,1
320,445,3
813,318,2
777,123,5
720,241,1
960,442,1
689,266,2
809,389,3
402,226,2
970,5,2
838,155,5
609,11,2
844,280,1
224,479,1
77,309,2
677,406,5
142,242,1
324,249,4
840,63,3
438,377,1
562,367,5
112,60,4
682,212,3
889,241,4
366,204,1
148,15,4
578,286,3
232,391,2
167,268,4
985,231,2
512,93,2
885,233,3
147,112,3
401,171,3
754,354,1
263,155,1
907,92,1
933,185,3
194,464,1
440,247,4
968,188,4
896,271,2
704,118,4
288,453,2
986,95,5
534,489,3
8,474,5
518,392,2
528,89,3
964,192,3
546,265,4
959,6,2
483,156,4
716,31,3
87,400,5
607,390,1
618,477,3
284,303,5
215,306,1
492,63,1
343,375,1
483,382,5
739,139,1
483,483,4
466,60,2
497,101,5
563,85,2
511,341,4
249,33,4
317,12,4
80,480,4
777,493,4
316,253,5
813,392,2
416,36,3
62,372,2
445,357,2
375,158,5
900,336,4
347,450,2
47,200,1
938,94,5
348,30,2
616,165,3
214,432,1
727,229,3
326,42,4
758,380,3
828,62,2
471,437,5
158,38,3
686,241,5
779,124,3
427,297,2
289,419,5
273,204,2
683,327,1
674,488,5
207,390,4
147,460,5
992,380,4
469,347,4
820,278,4
590,276,4
236,42,1
232,141,4
579,206,4
823,493,3
125,489,3
255,244,5
273,378,2
506,348,5
896,25,1
476,99,3
930,78,3
873,335,2
294,42,5
98,471,5
737,227,4
124,299,2
263,68,2
405,138,2
613,60,4
4,407,2
5,51,1
728,129,1
893,221,5
592,130,3
669,469,1
280,374,3
826,44,5
371,371,1
764,182,5
290,409,5
221,19,4
296,156,4
434,123,4
144,60,5
248,71,3
46,160,3
151,423,2
260,283,2
543,239,4
816,183,4
395,358,3
63,298,2
229,394,1
369,111,1
850,41,5
509,385,3
734,476,3
612,481,2
545,348,5
335,72,3
829,374,1
746,288,1
106,449,3
248,60,4
394,93,4
242,433,1
993,237,3
755,169,5
364,429,3
762,96,2
261,337,1
502,114,2
434,80,1
709,380,2
361,250,2
894,215,4
187,31,2
569,160,1
352,46,4
395,464,3
892,387,1
221,407,5
529,412,5
429,215,3
479,56,4
944,479,1
827,80,2
396,292,5
956,366,2
959,466,3
912,38,1
66,364,2
4,199,1
176,34,5
684,8,5
38,132,3
338,8,2
922,71,1
136,241,1
31,231,5
535,31,5
365,277,2
294,285,3
473,479,4
713,479,5
971,416,2
636,205,1
291,227,4
750,416,4
205,188,1
514,379,3
504,43,1
809,64,2
118,308,3
953,379,2
137,468,1
517,266,5
714,130,2
366,396,3
182,223,2
614,118,2
971,41,1
867,281,1
478,364,1
856,235,1
613,354,2
667,366,3
310,412,3
626,187,4
81,478,4
539,387,3
932,363,1
552,161,2
385,470,3
781,254,1
505,165,1
831,156,2
530,470,3
816,478,3
201,424,2
456,173,1
520,182,4
21,160,5
857,27,1
298,20,3
915,385,2
469,462,1
961,345,3
697,473,5
129,456,1
309,198,1
884,117,2
841,35,4
150,198,4
403,232,5
873,2,3
190,227,3
349,215,2
407,471,4
965,14,2
848,318,4
214,122,2
21,35,1
50,393,1
4,162,4
191,403,4
789,464,3
855,326,3
96,355,4
769,126,1
677,334,4
49,270,2
282,166,5
579,280,3
801,69,3
322,242,1
932,319,1
490,309,2
753,101,1
997,242,1
649,41,1
7,186,3
140,54,3
543,171,4
714,422,5
294,42,4
474,17,5
186,253,3
765,470,1
827,238,1
671,113,4
345,394,5
538,122,3
184,296,2
803,28,1
871,326,4
209,285,2
984,465,3
291,174,5
264,209,2
432,223,3
662,80,1
431,14,2
94,423,4
206,67,3
588,22,2
850,330,5
306,131,5
342,64,3
281,169,2
434,233,5
682,199,1
795,297,2
449,141,3
863,171,2
108,92,4
816,20,2
779,276,3
396,129,3
887,485,4
789,300,1
484,48,4
858,59,2
150,338,5
162,8,4
921,329,3
741,134,4
763,15,3
998,139,5
674,480,2
163,171,3
569,373,2
432,495,4
35,300,3
79,495,1
135,236,2
272,232,3
513,251,4
199,362,3
416,485,2
387,412,3
518,98,1
120,432,4
411,458,4
806,97,4
957,178,3
242,257,3
356,271,1
908,55,2
985,202,3
467,342,1
288,141,5
100,139,1
476,308,4
859,235,4
787,435,2
604,7,3
202,40,4
54,335,2
240,297,1
431,46,3
252,229,3
453,240,4
248,289,3
918,179,5
155,220,1
305,2,5
918,76,5
104,309,2
481,74,2
106,355,1
8,289,2
23,61,1
991,378,4
11,13,3
838,487,2
475,279,4
747,461,5
263,354,5
49,340,4
168,291,3
431,286,5
478,50,1
507,240,3
346,248,3
78,2,1
7,390,2
532,276,1
906,458,5
757,259,4
335,312,1
220,317,1
712,167,3
460,308,3
326,301,3
656,496,4
179,305,4
217,305,3
264,402,3
72,264,4
837,175,3
649,137,1
835,237,5
586,285,2
36,476,3
690,395,4
455,394,1
665,419,4
211,485,2
423,323,4
880,351,5
336,236,1
756,446,4
812,443,1
411,446,1
295,442,2
979,43,5
229,290,4
846,50,5
848,437,1
469,49,3
420,79,2
281,437,4
230,246,3
635,325,4
617,324,1
797,218,3
844,224,5
128,62,1
383,299,1
899,170,5
991,334,2
599,453,4
68,193,2
181,465,1
538,466,3
708,279,5
596,143,4
107,310,4
836,198,1
532,182,1
516,478,5
818,197,2
599,240,5
94,245,2
594,252,5
17,321,3
96,5,5
3,342,2
454,244,4
132,182,3
466,136,5
468,128,4
308,113,1
175,383,5
475,434,2
309,109,4
950,151,2
217,113,3
877,85,4
990,6,1
119,440,3
661,216,2
953,398,3
61,424,3
29,53,3
530,32,2
433,108,4
639,145,2
310,387,4
474,183,5
370,75,4
200,415,2
609,50,4
771,21,1
346,51,1
529,19,5
191,115,4
159,197,3
730,61,5
311,216,3
957,439,5
261,284,4
774,378,1
72,132,3
138,478,5
753,121,4
735,1,2
146,389,5
353,323,2
595,128,2
386,429,3
462,136,4
170,264,4
768,381,1
421,442,5
875,331,4
917,42,5
820,148,2
598,237,2
388,71,4
949,255,1
736,214,1
462,318,5
663,355,5
387,415,4
111,96,5
522,457,2
635,457,4
107,482,1
436,126,1
650,79,3
766,196,3
13,13,4
161,408,5
442,490,5
410,104,3
804,122,1
921,57,5
777,478,5
353,480,3
428,271,5
675,183,2
47,3,4
956,204,1
818,266,4
85,343,5
898,399,5
49,180,2
301,70,1
869,187,3
268,415,1
13,487,1
575,423,3
70,200,2
289,316,4
988,407,3
397,156,3
284,340,5
520,274,1
429,487,1
834,95,4
397,263,2
621,208,5
7,107,1
538,126,5
645,80,5
960,117,2
890,215,3
866,114,3
534,120,3
194,39,1
747,187,4
950,498,2
849,268,5
357,218,4
100,245,4
952,201,1
58,83,2
518,308,2
697,421,5
53,383,4
58,153,3
855,230,4
753,60,2
520,404,3
627,383,4
206,438,5
729,85,5
375,259,2
866,153,2
554,366,3
256,313,3
178,188,1
186,295,1
720,95,4
472,439,1
140,435,1
939,432,1
375,339,2
637,19,3
47,137,2
157,110,2
939,20,1
989,277,3
902,336,4
265,388,3
372,231,5
487,290,3
349,469,2
643,25,4
607,172,1
665,247,4
169,209,2
45,153,1
146,487,1
698,157,1
450,464,2
17,40,3
403,302,5
524,368,2
365,404,5
165,473,5
740,274,3
559,336,3
576,280,1
85,59,4
90,46,2
843,441,1
498,122,5
578,446,3
596,378,2
887,226,2
721,362,4
242,498,3
444,244,4
366,339,1
457,491,1
144,132,1
756,49,4
411,57,5
585,34,1
616,173,4
296,428,1
764,428,3
265,363,1
884,272,3
192,123,3
48,461,3
882,80,2
252,228,2
970,382,5
793,212,3
94,280,1
614,307,3
861,174,1
19,260,2
779,51,4
440,183,3
480,124,4
715,433,1
930,234,3
647,112,3
411,440,3
904,167,3
417,211,5
504,403,4
962,344,3
55,425,2
82,462,2
241,100,2
585,272,1
262,246,5
300,70,3
699,72,5
140,286,4
118,394,5
91,264,1
670,495,3
708,361,1
527,465,1
570,211,5
873,482,4
650,270,1
483,12,4
587,440,3
188,359,3
412,267,2
712,33,5
599,344,5
917,198,1
971,133,4
929,250,5
697,45,5
559,300,3
10,491,5
619,468,1
961,451,5
372,172,2
64,469,1
645,137,4
4,406,4
344,136,2
229,437,3
764,209,4
982,252,1
845,419,4
650,361,4
189,127,5
889,397,1
591,352,1
367,185,3
35,345,3
474,277,1
639,225,2
818,442,2
961,149,3
40,330,5
778,495,4
995,154,5
453,236,3
913,377,4
452,100,5
623,87,4
503,224,1
812,200,1
404,436,1
158,139,1
864,472,5
744,3,2
660,381,3
643,351,5
773,256,3
831,362,3
210,203,3
353,45,3
901,406,3
815,498,3
675,88,2
207,110,4
372,236,1
786,96,5
456,20,2
534,375,4
711,409,2
373,74,1
861,420,1
91,216,1
911,113,4
85,207,2
82,237,1
20,44,5
366,117,5
437,373,2
893,231,3
87,371,1
753,3,3
870,329,2
61,14,2
472,107,2
779,127,4
430,114,1
552,352,4
680,408,1
589,429,5
92,60,3
757,469,5
839,389,3
552,48,5
381,204,5
222,449,3
673,345,4
750,430,2
735,190,1
528,284,2
285,285,4
739,460,5
299,187,1
163,145,1
49,443,5
182,380,3
44,272,1
869,334,2
447,353,5
926,201,4
54,93,3
864,485,5
261,98,1
523,383,1
726,181,4
79,340,5
873,178,1
470,119,2
699,454,4
42,8,5
552,178,1
917,441,4
503,258,1
258,362,2
690,447,1
629,184,5
801,21,1
236,176,1
103,55,2
477,407,5
488,494,1
615,453,3
615,344,1
130,252,3
405,172,4
909,57,4
119,320,4
493,488,4
626,329,1
544,435,5
331,78,3
736,150,5
733,78,1
722,259,3
895,248,4
324,367,4
895,461,4
985,424,1
206,449,5
133,153,5
723,441,4
235,416,5
480,301,3
391,280,1
831,246,1
372,392,2
163,51,4
219,112,4
550,1,1
29,79,4
356,361,1
294,224,2
865,44,4
159,390,3
152,58,1
247,407,4
772,353,4
605,476,4
80,344,2
897,203,3
682,32,3
142,11,1
480,1,3
417,444,3
810,358,4
295,305,1
920,433,2
624,144,2
710,148,4
975,259,2
610,346,4
606,128,4
515,232,3
194,111,1
261,125,3
731,104,4
187,310,1
314,411,4
510,434,2
445,58,2
584,76,5
716,363,4
305,169,4
820,180,2
516,19,4
108,199,4
564,319,3
608,286,4
858,337,2
163,217,5
794,8,1
708,382,2
353,308,5
898,483,1
436,243,4
583,60,4
76,370,1
283,290,4
84,403,2
552,491,4
795,446,3
591,312,1
583,191,1
404,499,3
603,112,4
558,482,2
888,277,4
445,10,1
980,495,1
970,34,3
110,361,4
724,255,4
936,112,1
80,196,5
499,197,3
285,139,3
637,18,1
774,119,3
105,439,2
648,213,2
531,194,5
423,345,2
152,102,2
171,115,2
1,474,4
648,476,5
858,262,1
421,77,4
119,271,5
410,248,3
673,213,3
548,493,4
311,266,3
807,306,2
566,293,5
752,447,2
878,153,3
555,127,2
447,78,4
265,253,4
190,93,4
41,441,5
591,153,3
219,209,4
75,106,5
789,164,4
618,53,1
172,84,3
507,204,2
155,383,2
807,135,1
903,12,4
581,348,3
717,209,4
566,364,4
658,362,1
877,392,5
478,87,1
800,190,4
43,183,4
477,409,5
891,391,1
600,336,2
690,279,1
306,106,3
937,34,3
897,125,2
816,497,3
573,498,4
768,45,1
390,35,2
957,438,2
404,41,3
475,193,1
119,227,2
331,449,3
728,83,3
967,114,1
367,257,4
392,381,5
795,35,1
618,263,4
149,386,5
477,454,5
226,210,3
343,418,5
458,351,3
296,484,4
21,157,1
549,272,4
119,235,4
693,197,1
620,99,1
195,42,4
389,421,5
339,46,3
959,340,2
355,34,4
125,52,2
342,318,3
633,24,2
200,319,2
676,163,1
137,390,5
243,65,5
383,269,5
448,223,4
377,253,3
473,276,2
319,91,5
754,301,3
515,177,1
696,437,2
797,36,2
740,131,1
857,490,4
879,400,2
343,226,2
778,122,4
450,431,4
79,214,3
361,466,5
468,372,2
396,215,3
173,156,4
900,96,5
60,158,3
551,430,4
618,389,2
161,401,2
903,414,2
66,163,1
306,260,2
638,158,5
963,125,1
514,477,5
477,191,5
73,237,5
697,67,3
496,228,4
279,205,3
729,60,1
136,337,3
501,299,4
921,60,3
220,434,5
95,268,2
857,235,2
701,310,3
945,15,1
551,418,1
39,288,1
504,191,3
378,266,5
529,96,3
454,471,3
941,110,5
846,81,3
957,156,4
914,3,3
340,23,2
981,476,5
280,343,2
953,340,2
287,112,4
435,45,4
135,497,5
663,352,1
242,372,5
360,494,3
749,136,2
379,19,2
387,371,5
304,268,2
504,67,1
839,230,2
201,154,1
202,200,4
884,352,3
595,72,1
318,101,4
279,347,4
490,436,2
174,285,2
854,173,2
241,322,5
444,344,4
472,473,2
999,184,1
177,493,3
588,302,2
321,160,2
512,332,5
433,68,3
596,4,1
552,445,1
788,115,1
102,246,2
647,181,5
344,384,3
388,251,1
439,257,2
486,27,3
212,113,1
393,498,1
141,127,2
690,103,1
433,466,3
10,172,3
759,191,3
73,139,1
30,454,1
285,307,1
83,262,1
751,289,4
225,425,2
195,77,2
428,336,5
343,146,2
298,46,3
259,406,5
940,373,1
120,254,1
888,204,5
464,10,3
414,334,1
883,75,3
147,211,3
182,290,2
863,416,2
289,176,5
912,122,5
814,84,3
724,362,2
539,78,5
761,304,4
739,296,2
779,56,2
488,65,1
813,340,4
517,273,4
652,151,2
167,391,2
520,57,2
110,16,4
654,362,2
732,155,5
582,155,4
156,238,2
504,203,1
460,95,4
388,351,3
40,65,2
978,179,3
434,435,4
729,398,2
988,94,4
786,459,3
701,357,2
590,160,1
661,77,3
658,194,4
912,258,3
17,78,2
279,174,5
177,210,1
530,238,3
614,454,3
884,42,1
70,74,5
398,51,4
622,248,2
656,360,2
66,205,4
721,199,3
741,438,4
32,345,1
688,472,2
82,316,4
295,478,4
34,313,3
661,320,3
254,60,2
839,121,2
755,218,5
44,59,1
217,349,4
951,154,2
782,84,3
968,463,1
11,106,4
592,376,3
930,206,2
553,114,1
836,43,1
822,120,4
382,340,5
37,218,4
504,142,4
949,403,5
628,95,2
92,422,4
391,393,2
637,119,1
362,174,2
323,5,5
67,264,2
452,449,4
932,343,1
701,333,1
85,181,5
365,407,1
694,246,1
882,444,1
534,118,5
66,407,3
205,133,1
80,388,5
785,416,1
941,94,3
523,335,2
10,19,5
82,277,4
436,180,5
436,55,4
551,12,2
678,125,5
785,70,2
513,156,3
932,376,5
760,31,3
645,174,5
292,435,4
250,189,5
257,18,3
418,297,3
335,470,5
796,121,5
776,92,1
815,432,3
641,293,2
982,255,1
108,97,5
997,301,5
911,325,2
176,1,4
841,314,5
905,214,1
834,203,3
960,378,2
93,263,2
120,261,2
829,102,4
110,448,2
744,290,5
245,315,1
588,12,4
529,225,4
164,387,3
58,30,3
138,46,4
597,491,2
156,382,2
289,216,5
524,325,1
774,318,1
215,394,3
244,245,1
991,266,5
979,404,5
772,22,2
407,53,1
549,197,1
720,441,4
714,250,3
204,343,4
517,356,3
894,426,2
620,63,5
169,205,4
545,349,3
798,99,2
343,175,1
494,294,1
201,3,1
749,93,4
694,23,3
347,407,4
267,58,4
47,499,2
212,385,3
30,72,5
437,128,4
193,334,5
644,9,1
707,375,5
22,56,2
811,82,1
351,26,3
435,248,1
423,164,3
67,266,4
45,240,1
356,115,5
109,240,4
803,206,5
613,491,3
580,104,3
785,264,1
491,228,3
383,355,2
766,303,3
96,287,1
789,430,1
441,391,2
441,179,4
495,107,5
732,458,1
646,206,4
243,143,1
910,3,1
357,105,2
620,279,2
636,100,2
510,396,2
759,110,3
752,181,3
913,108,1
977,27,1
31,342,5
975,455,1
240,22,1
445,476,4
187,250,3
638,182,1
366,25,4
576,165,1
994,435,2
824,370,2
955,222,4
339,32,1
414,145,5
309,292,3
677,261,2
78,421,2
566,478,4
868,280,1
543,261,5
600,164,2
464,225,1
315,7,2
433,348,4
398,351,4
814,390,3
969,361,3
819,51,1
533,253,2
331,314,3
673,218,3
738,111,1
79,39,3
108,9,4
641,197,2
58,333,1
536,297,1
392,464,2
733,46,5
695,484,1
158,276,2
810,22,4
859,312,4
474,223,2
587,264,3
288,152,1
971,23,5
728,349,5
324,210,2
931,254,4
832,80,2
560,30,1
552,23,2
80,417,2
343,279,5
382,255,5
293,240,1
374,91,3
973,260,1
369,425,3
96,111,2
518,75,1
132,33,4
338,392,1
813,87,3
425,344,5
275,150,2
974,29,4
959,191,2
545,287,3
410,96,4
960,168,2
776,376,1
426,45,2
685,35,2
397,66,4
828,247,5
65,193,4
867,176,3
538,481,1
366,148,1
104,180,1
65,290,2
361,436,5
685,301,1
52,299,1
123,132,1
66,425,5
284,77,2
219,158,2
558,151,1
393,252,2
12,290,5
937,451,4
134,249,5
570,496,1
472,408,1
90,422,4
106,191,4
476,241,5
642,475,5
929,470,2
274,257,3
664,53,1
661,35,4
930,141,4
543,54,3
129,246,2
912,367,3
835,71,5
665,163,1
536,10,4
470,3,2
683,171,4
365,290,3
126,302,2
741,496,1
432,47,2
796,239,2
317,195,5
652,56,3
496,294,2
803,113,3
785,387,1
440,476,5
993,196,5
927,280,2
399,381,4
352,171,5
302,46,2
679,91,1
254,306,5
274,200,4
695,190,1
968,483,1
802,475,5
216,375,5
144,403,2
829,218,2
408,227,3
800,65,5
83,427,5
13,240,2
776,118,2
105,268,5
505,84,3
774,37,4
940,352,5
389,490,3
724,146,2
536,294,2
698,351,4
743,251,2
74,419,5
453,403,3
799,39,2
647,485,3
541,178,5
585,99,2
10,28,2
188,14,2
175,472,5
584,443,1
21,319,5
535,173,1
674,459,3
35,110,4
573,180,3
231,390,1
830,413,2
196,133,4
446,192,5
273,117,2
938,348,1
138,50,2
10,407,5
629,487,3
861,16,5
170,211,4
70,10,3
245,452,1
193,52,1
907,319,1
255,187,3
795,35,3
835,104,2
663,301,3
908,328,3
872,285,5
140,326,3
858,404,4
208,175,3
872,144,3
334,356,4
801,157,5
882,251,5
654,469,5
52,365,5
877,187,1
157,259,2
270,307,4
104,419,2
253,138,5
789,333,2
231,315,3
882,451,3
486,100,4
614,221,2
580,256,4
565,9,5
319,323,4
312,342,4
659,162,1
381,135,1
645,103,1
884,255,4
47,55,2
570,229,5
634,303,3
163,119,4
309,185,5
887,400,2
493,333,2
288,109,2
989,59,4
192,131,1
77,128,3
332,49,3
745,339,1
977,213,5
388,367,4
439,451,3
174,55,4
51,469,5
940,460,3
498,257,4
827,164,4
486,343,1
172,157,2
369,44,1
125,362,2
503,376,2
205,45,5
271,463,5
920,167,1
958,406,2
586,144,2
982,453,2
517,41,4
144,326,1
645,125,1
379,470,3
177,360,3
816,339,2
129,42,3
646,381,3
114,290,5
664,294,5
452,191,5
382,404,3
684,268,1
88,487,1
444,414,5
75,222,1
488,165,2
343,140,1
474,118,4
122,140,2
997,196,5
259,461,3
895,349,3
395,458,3
276,450,3
360,473,5
905,212,5
356,429,3
828,136,2
415,468,4
11,127,5
672,227,1
224,262,5
692,296,5
972,212,2
9,29,3
240,343,5
336,118,5
897,61,5
533,80,4
809,66,4
938,330,5
447,159,2
857,482,5
538,130,1
105,156,3
405,483,4
232,275,5
829,71,4
454,336,4
631,8,3
390,395,2
905,354,1
914,246,3
909,166,5
554,33,2
559,53,4
926,380,1
856,74,3
791,426,3
816,398,3
72,364,3
31,78,4
926,249,4
683,386,2
155,375,3
975,67,1
810,62,2
308,316,5
681,96,3
525,33,3
948,255,3
89,322,4
222,127,5
210,365,3
429,315,2
110,411,3
124,48,5
35,200,4
673,87,2
797,242,5
769,360,4
521,241,4
347,461,2
924,444,3
993,35,3
765,207,4
650,365,1
51,46,1
52,482,3
156,312,1
156,175,2
770,292,5
50,240,2
299,352,5
325,70,2
7,27,5
389,207,1
121,471,2
717,300,2
425,302,2
299,129,2
512,47,2
963,139,2
834,332,2
810,1,3
764,384,4
408,265,3
108,256,4
284,481,4
956,42,2
373,448,1
971,235,5
924,157,5
176,113,5
607,282,3
960,446,3
330,316,3
206,104,1
142,369,1
68,416,5
981,113,3
225,351,5
555,224,5
39,235,1
65,227,4
644,72,4
229,402,1
521,402,4
769,224,2
962,473,3
259,398,4
79,313,5
640,464,5
39,117,2
635,333,4
749,202,2
517,368,5
117,173,5
932,240,1
546,323,2
781,470,4
856,451,3
293,338,5
451,441,2
485,34,1
588,370,1
196,359,4
93,181,4
746,270,5
189,180,1
923,23,4
951,33,4
664,371,1
927,30,3
333,226,5
795,233,3
50,39,5
479,70,5
15,290,3
384,345,1
476,421,4
191,329,2
332,185,2
449,160,1
42,110,5
91,18,4
80,266,1
81,111,2
29,175,5
113,5,5
250,438,5
217,484,1
523,243,5
246,285,3
535,30,4
677,140,2
648,337,5
840,403,5
776,383,4
480,211,4
375,37,1
295,258,2
114,254,5
526,1,4
166,362,3
199,325,5
155,208,2
56,53,1
222,268,1
58,423,2
706,45,4
93,88,2
917,104,2
449,45,1
223,218,3
948,410,4
762,62,5
31,135,1
617,64,2
706,392,3
713,156,2
693,120,2
671,466,2
46,412,1
869,392,4
830,17,4
69,18,3
538,16,3
338,14,5
665,311,1
486,200,4
573,125,1
83,20,3
248,360,1
441,235,5
430,243,5
792,217,1
931,140,4
880,141,2
721,420,1
846,417,4
677,275,3
393,302,3
770,499,2
586,311,4
959,295,5
941,301,5
10,277,4
247,97,4
556,115,5
126,416,1
311,32,3
787,267,3
258,291,1
905,419,2
340,44,5
524,216,2
711,109,4
69,234,1
772,52,5
60,269,2
345,305,1
642,120,5
95,141,1
944,233,5
950,472,4
300,73,2
50,192,2
413,477,2
850,101,4
522,283,1
721,194,4
980,467,4
852,275,5
501,222,5
427,247,3
649,388,1
644,439,2
739,210,5
35,394,2
307,490,1
895,140,3
130,336,4
766,130,1
260,324,3
869,498,2
785,424,5
852,143,3
314,261,3
92,340,2
436,410,5
1,120,1
64,15,5
935,355,3
991,446,3
596,194,2
63,408,2
341,437,1
36,448,3
506,493,4
526,454,3
735,8,3
458,330,3
597,54,2
207,252,2
801,153,3
503,208,2
989,81,2
562,388,4
561,32,4
149,365,3
95,149,5
36,279,5
401,338,5
550,2,1
357,31,5
659,127,3
614,43,2
484,174,2
438,33,4
13,278,2
640,464,5
65,276,1
752,61,3
535,327,1
823,383,4
751,241,1
431,21,1
717,190,5
714,275,4
773,278,2
380,141,3
613,253,4
985,306,4
783,211,2
220,205,2
696,324,2
152,459,4
979,116,2
926,262,4
689,457,2
377,294,3
66,336,1
473,111,5
896,488,5
812,185,3
942,404,4
641,104,5
273,255,5
171,241,4
438,437,5
391,62,3
942,62,4
603,214,4
178,231,3
346,302,4
356,490,2
444,395,2
798,216,2
511,496,2
487,431,3
330,313,2
737,130,2
636,373,1
639,247,2
81,203,1
956,360,3
138,438,2
708,363,1
468,489,4
122,213,3
75,388,2
671,401,4
369,373,3
895,439,4
609,45,3
752,272,5
335,110,2
672,405,5
263,270,5
573,304,2
201,398,5
590,433,1
422,106,2
272,137,4
99,255,2
633,445,2
476,325,4
543,102,4
644,468,5
864,339,1
230,75,3
392,487,3
186,219,5
178,139,5
263,235,4
754,211,5
123,367,3
88,224,3
128,40,2
333,59,1
963,246,4
58,118,5
2,255,4
979,105,5
871,207,2
918,58,2
908,16,1
105,75,3
732,182,4
764,264,2
421,47,1
920,22,3
300,498,4
391,394,3
408,391,1
596,21,3
878,289,4
390,379,3
1,494,1
672,34,3
791,290,5
277,170,4
925,415,4
80,499,2
591,41,4
306,494,3
510,233,2
391,62,4
952,88,4
890,366,5
754,393,1
877,305,1
561,56,2
861,280,3
416,354,5
773,180,4
499,297,1
855,331,4
260,496,1
113,370,4
676,174,4
90,171,4
862,248,3
798,493,4
10,127,4
338,54,5
310,471,1
655,108,5
530,161,3
481,54,2
633,442,3
460,345,1
763,132,2
707,287,3
755,68,2
451,322,3
535,350,2
851,331,4
329,32,1
498,242,1
84,54,1
735,69,5
37,395,2
87,217,4
314,58,5
534,27,4
825,498,3
336,182,3
868,22,1
454,313,5
26,65,3
807,476,5
976,479,1
963,193,5
591,35,1
240,42,5
502,225,1
298,64,5
847,107,4
395,442,3
408,340,4
45,371,5
670,283,5
293,26,3
729,90,1
209,464,2
756,32,2
76,413,4
463,389,3
837,366,3
921,491,5
262,297,3
581,100,5
378,89,1
969,128,1
47,379,3
27,249,4
105,105,5
863,480,2
710,345,2
297,208,4
287,217,1
123,103,4
911,263,2
61,70,2
458,4,5
895,481,2
27,167,4
194,184,3
406,191,2
215,317,2
922,384,3
179,74,1
813,311,4
660,152,4
6,295,2
859,447,4
782,393,4
528,193,5
422,26,4
647,484,1
947,332,1
400,476,1
307,104,4
252,119,1
22,80,1
593,462,5
89,250,4
662,247,2
555,242,4
723,350,3
220,152,5
916,3,2
523,124,3
369,226,5
777,340,4
366,454,1
886,239,3
560,242,5
109,154,2
670,104,3
845,416,2
269,340,2
583,360,5
540,260,5
975,167,1
753,236,1
830,366,1
621,329,4
448,103,2
5,392,5
682,439,3
68,174,4
782,92,5
912,30,1
60,369,3
31,324,2
291,273,3
584,299,3
967,118,4
725,349,3
835,78,1
33,299,2
977,286,2
425,210,4
370,120,5
46,370,1
220,150,3
821,66,4
157,185,1
106,482,5
528,77,1
836,278,4
971,149,3
77,163,1
934,78,3
833,400,4
982,186,5
839,53,1
484,233,1
506,6,4
973,218,2
545,465,1
185,418,4
954,150,4
699,390,2
46,242,4
781,379,2
19,282,4
845,361,1
27,254,5
965,88,3
19,213,2
927,3,2
478,437,2
444,57,2
122,16,1
665,125,4
467,391,5
255,243,2
872,120,2
120,473,5
219,71,2
224,328,3
108,448,2
728,86,2
257,416,5
71,460,4
259,386,4
162,364,4
559,323,4
701,315,5
721,14,4
180,469,4
525,168,4
5,324,3
468,62,2
495,39,3
554,275,4
101,447,2
343,106,5
636,140,1
367,343,2
644,211,5
906,225,1
540,435,1
851,255,4
5,398,5
822,80,2
981,50,3
101,96,1
141,394,2
192,195,3
173,404,2
929,392,5
634,458,1
908,280,5
356,278,2
846,339,2
784,326,1
591,192,2
336,117,5
80,194,1
915,47,2
392,137,2
280,121,5
410,123,3
405,495,1
808,428,4
705,496,1
994,485,5
997,470,3
361,449,5
617,91,3
18,100,2
769,343,5
605,78,2
699,309,4
499,426,3
693,59,4
335,39,1
785,61,2
811,52,5
762,79,3
812,189,5
206,38,2
226,9,5
236,111,3
520,472,4
176,99,2
593,97,3
557,53,1
645,171,5
46,385,1
448,256,1
642,452,3
157,474,1
19,415,1
668,77,4
17,375,2
965,11,5
397,104,3
998,242,4
951,350,4
1,285,5
405,291,2
49,284,3
651,15,5
944,35,3
9,52,4
330,23,4
813,433,2
626,21,4
118,490,4
413,254,1
67,359,3
507,201,3
881,412,5
140,9,3
552,264,4
472,362,2
831,125,1
116,4,2
590,482,2
375,427,5
729,171,4
710,130,2
779,394,3
915,346,1
817,120,2
828,31,5
920,42,4
466,70,3
724,358,4
144,398,4
210,159,5
947,320,1
581,424,4
31,482,1
772,459,2
184,146,2
871,342,3
975,248,3
246,130,1
808,74,1
430,246,4
674,41,1
544,356,5
175,385,5
856,305,1
214,33,2
3,10,3
389,368,3
624,436,2
225,205,3
314,113,5
132,416,5
786,139,5
906,417,4
152,472,3
233,396,2
757,436,1
584,477,3
150,462,1
823,468,1
440,95,5
99,243,5
449,253,3
471,129,3
959,444,5
419,450,4
520,369,4
176,23,1
300,135,2
242,34,3
703,152,5
653,420,2
897,60,4
105,98,3
957,419,1
765,16,2
642,286,4
699,130,4
92,248,2
300,427,4
998,91,4
553,468,5
915,256,3
400,479,3
868,32,5
758,163,2
776,340,3
272,283,2
46,133,2
364,230,3
75,56,1
238,137,1
767,306,2
11,24,2
59,295,1
370,76,1
687,190,5
341,155,4
230,485,3
672,410,4
607,163,5
292,418,4
596,379,4
932,262,4
716,439,2
198,5,4
958,278,5
285,141,4
920,385,1
1,266,1
64,425,1
960,227,5
398,449,5
865,378,4
515,149,3
679,119,4
244,64,4
829,160,2
865,402,1
637,61,1
380,427,2
234,4,5
357,71,2
392,118,1
936,292,3
160,325,3
84,46,3
337,152,2
299,250,5
705,216,5
609,227,3
600,150,1
278,323,1
406,49,1
188,306,5
341,312,3
241,443,1
756,9,3
662,252,5
383,37,2
691,82,1
83,62,2
934,252,1
372,267,2
711,332,1
468,21,3
653,473,1
646,110,3
815,292,4
380,445,4
807,186,4
319,380,3
1,406,3
518,440,4
677,361,1
510,151,4
600,180,1
211,94,4
104,445,2
931,246,4
333,216,1
523,181,4
536,100,5
206,228,2
581,405,3
242,395,2
462,253,3
111,350,2
802,473,4
698,70,2
436,252,1
52,40,2
882,200,5
379,213,2
787,245,2
799,45,1
278,262,3
974,258,5
979,255,2
495,277,5
408,20,2
326,142,1
289,442,5
522,352,5
574,485,4
931,170,3
100,424,2
513,65,1
176,326,4
416,297,5
176,69,5
154,447,3
240,16,1
342,215,4
526,246,1
452,471,1
53,300,1
778,317,4
628,128,2
913,264,1
138,217,3
346,473,2
694,438,4
844,430,1
238,69,2
737,303,4
282,328,2
904,251,5
41,470,2
857,175,1
186,493,2
859,132,3
179,232,4
675,112,2
294,264,3
699,436,4
712,157,5
328,172,4
238,29,2
500,407,5
620,326,1
752,118,3
55,38,4
561,446,4
262,188,2
890,169,2
960,97,3
422,172,5
452,208,2
815,376,2
121,435,4
85,69,4
446,480,3
561,283,3
249,242,4
718,61,3
867,17,4
68,113,3
866,161,3
890,304,5
863,376,3
786,12,5
824,296,3
313,201,3
716,193,5
535,253,5
646,142,2
984,1,2
738,40,2
538,324,2
758,196,5
332,80,3
593,88,1
697,181,5
10,23,2
321,235,2
898,444,4
771,98,4
315,236,4
395,17,4
814,407,2
486,249,2
690,208,2
5,308,2
86,448,3
145,77,1
504,457,3
938,302,4
340,468,2
819,448,3
104,483,4
907,47,2
601,412,2
476,498,1
729,193,1
849,89,4
813,233,1
184,464,1
151,26,2
947,446,3
920,128,4
324,420,3
441,453,1
126,14,2
592,418,4
441,203,4
325,314,4
135,377,3
775,379,4
196,488,1
277,347,3
119,490,3
144,48,2
449,130,3
582,380,2
629,453,4
344,464,3
278,247,3
197,117,1
911,334,3
538,301,2
816,13,5
71,442,4
991,272,4
649,450,5
599,292,1
310,188,5
528,452,2
129,472,5
724,299,5
970,325,3
991,310,4
852,486,4
590,271,1
745,335,3
277,348,2
5,493,1
477,75,2
755,292,2
360,20,2
162,500,2
752,171,1
851,177,5
669,324,5
882,67,4
703,57,2
904,441,4
824,124,3
875,15,1
570,27,4
127,158,1
75,420,1
639,401,4
579,75,1
482,288,5
911,334,2
73,280,4
49,396,5
232,113,5
28,472,2
732,146,5
809,489,1
997,396,1
977,338,5
833,251,1
244,438,2
102,354,2
422,87,3
57,146,2
939,488,2
545,341,1
552,115,3
37,181,4
986,192,4
79,354,5
21,413,3
495,395,2
471,33,3
725,352,2
476,479,3
400,178,1
894,486,2
838,70,4
554,361,5
179,64,5
404,451,3
893,435,3
620,185,5
597,137,3
634,472,4
847,346,3
976,278,3
312,90,5
276,39,3
800,111,3
423,363,3
753,402,3
998,179,1
349,141,5
825,300,3
766,30,2
806,56,1
195,184,2
465,303,4
296,469,4
573,272,3
613,434,2
991,457,5
666,131,4
763,128,1
99,380,2
961,273,5
777,29,4
548,195,5
472,124,2
111,59,5
921,115,4
100,315,4
233,261,1
599,196,4
790,280,2
379,356,4
162,292,2
644,329,4
150,207,5
54,487,1
230,280,1
227,8,3
892,85,1
470,409,5
749,7,4
694,244,4
857,392,3
36,39,2
174,36,5
559,252,5
999,104,5
94,405,2
248,28,4
798,6,1
244,260,5
94,455,2
76,241,4
675,230,5
75,411,3
782,340,3
685,89,3
807,144,3
818,102,5
531,121,3
251,18,1
689,329,3
531,355,1
462,74,1
445,391,1
615,279,1
702,66,4
966,243,4
727,495,5
326,420,1
294,184,4
575,424,1
893,78,3
411,52,5
556,372,4
471,147,1
550,21,1
927,274,3
878,217,4
396,491,2
514,385,1
910,422,2
334,420,1
193,407,4
104,462,3
301,22,4
288,356,4
274,426,3
533,88,3
957,43,3
221,293,1
510,395,4
150,58,5
497,74,5
328,13,1
128,406,3
230,143,5
3,300,2
188,274,5
164,126,3
860,257,4
132,33,2
794,487,1
308,117,3
77,113,2
340,352,2
699,79,3
32,218,3
842,118,4
266,315,3
280,218,4
987,116,2
932,65,3
338,119,3
59,423,4
703,81,5
270,389,1
445,488,5
2,106,1
440,7,3
279,491,4
457,128,4
666,281,1
270,240,4
231,95,1
146,378,4
153,342,5
787,476,4
609,411,1
703,185,3
409,435,1
245,319,1
988,121,1
233,470,2
532,460,2
258,29,2
921,255,3
730,396,1
89,314,1
944,464,3
587,2,1
520,194,1
184,61,2
24,482,2
304,328,4
105,240,4
967,483,2
819,1,1
431,155,3
365,415,1
793,83,2
468,454,3
10,418,4
625,380,5
91,124,1
265,34,1
238,310,2
866,208,1
516,110,4
311,477,3
118,84,3
301,455,1
425,410,4
964,483,4
464,288,3
88,342,4
540,473,4
214,144,1
677,49,2
350,259,2
752,191,5
501,447,5
9,499,4
348,345,2
80,294,5
984,158,5
907,79,4
701,265,3
196,45,2
225,89,5
174,312,1
715,189,4
70,324,2
576,436,2
907,339,2
469,462,4
560,454,3
472,218,1
953,437,1
511,284,5
369,349,1
164,302,5
178,204,2
853,282,5
730,15,4
834,351,4
983,24,3
579,210,4
86,338,2
737,341,3
569,47,4
132,451,3
353,230,3
534,279,5
232,255,2
453,280,1
676,161,4
666,220,3
512,185,1
366,396,4
37,412,4
811,243,1
775,158,3
702,458,5
950,276,2
823,269,4
589,389,2
654,446,1
608,118,2
748,299,2
688,173,2
943,282,4
646,24,3
361,350,4
36,165,2
532,189,3
523,354,1
965,33,1
803,430,5
504,315,4
968,242,2
534,283,3
186,104,1
257,193,4
307,129,5
342,471,3
280,138,5
882,360,3
710,22,2
159,458,5
764,300,2
344,11,1
205,384,3
312,37,4
631,451,5
12,98,1
728,67,4
514,111,3
539,297,5
843,111,5
461,429,1
32,190,2
664,139,5
22,92,5
985,294,1
980,420,1
442,8,3
785,289,2
623,362,4
685,6,4
12,92,2
922,74,2
880,127,2
356,364,5
400,379,3
187,379,1
690,251,2
303,127,5
714,208,3
702,414,5
232,350,3
354,229,2
192,413,3
336,345,5
459,143,5
399,54,4
447,372,3
560,472,1
779,277,1
58,3,3
342,81,4
864,355,3
198,229,3
348,471,1
69,476,1
466,120,5
147,353,4
429,209,3
274,444,3
518,464,5
553,489,4
598,296,4
715,18,5
559,324,4
452,177,2
835,461,3
586,26,2
776,93,5
519,200,5
596,200,1
921,266,3
918,437,1
167,480,2
710,415,1
361,283,3
351,193,1
113,321,5
370,202,1
855,494,2
980,378,4
227,365,1
476,36,5
800,254,3
3,198,1
844,13,4
554,57,5
829,200,3
340,313,3
10,415,2
651,464,4
786,490,2
311,243,4
262,433,2
872,435,3
928,412,4
158,6,1
78,381,4
326,497,5
403,88,3
671,106,4
104,237,3
314,91,3
864,435,3
411,360,1
771,308,4
201,59,5
510,439,4
665,34,2
112,13,3
402,291,5
3,179,1
158,229,2
924,338,4
147,162,1
710,458,3
407,175,2
391,5,3
321,153,3
570,388,1
21,231,5
529,82,5
557,472,2
443,315,2
351,404,1
240,298,2
473,191,3
915,240,3
612,193,2
240,454,2
727,51,1
499,426,5
531,471,1
861,412,5
162,439,1
549,17,2
237,420,3
271,90,5
153,51,2
412,249,5
634,426,2
15,157,5
857,175,4
873,137,3
257,293,5
951,311,2
291,471,2
474,94,4
499,67,3
764,245,4
262,441,4
368,289,4
468,221,1
949,144,5
217,148,4
762,200,5
465,421,1
304,255,5
430,218,4
303,103,1
620,64,3
723,445,4
206,384,5
481,371,1
328,34,4
90,127,4
317,58,4
525,3,5
138,5,2
992,225,2
274,180,5
436,404,1
533,393,5
869,345,5
607,390,5
178,404,4
55,255,3
325,342,5
812,199,1
838,440,1
641,395,1
823,195,1
678,42,3
196,295,1
437,154,5
649,364,2
687,305,4
42,340,5
33,300,2
169,158,4
113,429,5
15,255,5
176,389,1
165,69,5
227,419,4
243,302,1
310,216,4
252,213,1
554,186,1
801,259,5
719,253,4
862,154,3
738,346,3
33,239,4
961,394,4
483,442,5
9,433,2
442,358,5
721,230,4
915,364,4
445,352,3
275,114,1
613,6,4
425,444,2
501,386,3
992,280,5
273,164,5
628,157,2
983,216,1
719,437,2
914,489,4
398,359,3
134,229,5
5,321,2
911,193,2
728,334,1
580,335,3
338,44,1
626,428,5
849,180,5
594,406,4
762,157,2
615,51,2
932,14,4
589,485,2
406,416,2
635,223,2
201,251,3
761,72,3
897,164,1
450,179,4
795,53,1
979,125,1
342,278,5
425,486,5
24,449,4
968,292,4
224,146,5
508,191,4
488,233,2
53,73,4
703,477,5
533,157,1
339,243,3
704,144,1
915,375,4
303,450,4
678,140,4
591,166,5
770,128,4
783,388,1
907,261,2
472,190,4
46,143,2
112,12,4
187,237,4
438,357,1
327,40,1
245,83,3
939,142,5
344,444,1
381,496,1
487,62,4
813,119,1
107,257,1
987,388,4
960,90,5
588,367,2
440,438,1
481,66,2
148,255,5
179,494,5
374,41,3
346,431,4
15,169,5
928,245,1
173,237,3
416,450,4
380,168,3
566,51,1
933,124,5
490,357,3
674,121,2
484,158,3
737,424,5
284,439,5
426,376,2
70,199,4
903,464,4
285,98,4
636,143,2
993,100,4
214,438,3
802,318,4
437,169,5
357,242,1
224,207,5
663,210,2
26,9,5
312,89,3
106,385,2
859,235,2
546,40,5
182,111,3
198,499,3
41,237,5
284,56,3
688,178,2
301,120,5
413,433,3
612,446,5
493,19,4
287,188,3
373,407,4
6,409,4
648,288,2
940,330,5
894,32,1
644,276,5
656,245,1
359,30,1
383,89,2
828,269,5
959,445,3
469,199,4
436,55,4
500,254,1
99,375,5
610,302,2
625,167,1
467,238,1
189,301,3
48,381,1
680,197,1
354,181,4
834,321,2
894,71,2
635,377,3
92,283,5
928,163,2
875,278,1
972,224,5
389,200,5
136,413,3
15,476,2
208,138,1
854,53,1
716,257,1
119,374,2
339,384,2
25,141,4
150,41,5
545,493,4
239,91,5
543,65,2
785,498,2
199,156,4
76,15,3
204,26,1
683,498,3
581,398,2
488,322,4
731,130,3
405,499,1
418,373,5
471,220,4
615,112,3
593,267,2
210,451,3
629,167,4
805,113,2
572,304,3
890,53,2
267,239,3
869,27,4
653,137,1
454,362,3
957,33,1
663,370,3
241,251,4
881,48,1
459,444,4
772,40,4
283,124,5
878,239,1
253,249,2
27,314,2
524,172,3
360,39,5
359,378,5
291,65,5
638,243,1
435,374,2
794,402,3
799,240,2
137,28,4
576,461,5
10,426,4
393,7,5
122,151,5
202,462,4
446,296,5
847,418,5
192,73,1
709,418,3
587,36,4
889,116,3
621,176,5
922,332,2
955,299,3
173,67,1
602,185,1
112,442,5
309,423,5
841,286,3
346,127,3
656,385,1
860,282,5
546,424,4
111,445,1
960,173,3
750,224,2
359,131,2
434,412,5
712,270,3
314,448,4
436,290,2
358,210,4
315,107,5
510,332,5
437,113,2
121,38,1
372,63,4
179,491,5
225,468,2
145,164,4
646,449,5
279,161,5
769,439,3
428,475,5
350,87,4
238,162,4
870,451,2
803,302,3
138,92,3
642,157,1
803,304,3
742,202,2
706,469,1
141,20,4
205,120,3
822,112,2
219,280,5
846,189,5
79,444,4
920,66,2
368,20,4
635,52,3
600,9,1
58,208,1
690,55,4
119,202,4
290,440,1
208,405,2
761,461,3
913,487,3
664,142,1
891,366,1
754,226,4
354,35,1
265,130,1
312,107,3
588,143,5
961,40,5
608,261,4
679,250,3
588,284,1
355,145,3
42,197,5
902,77,3
976,474,2
539,417,1
627,454,1
148,413,3
854,364,3
324,199,3
401,244,3
810,323,5
865,227,4
651,464,2
767,396,1
756,200,4
665,216,2
52,225,4
590,48,1
601,196,2
423,352,2
513,73,5
238,439,1
489,69,4
413,461,5
354,364,2
465,81,3
353,33,2
136,144,4
642,259,4
979,434,2
418,314,1
73,185,2
472,45,4
188,236,5
214,462,4
144,120,5
255,133,4
744,444,3
914,422,5
251,85,5
784,408,3
698,443,3
156,143,1
805,159,2
860,58,1
392,410,1
97,105,1
256,205,3
815,426,1
650,343,3
587,42,1
360,447,4
598,167,4
129,96,5
775,401,3
812,306,2
864,426,5
50,275,1
195,6,4
329,452,3
191,71,4
74,280,4
499,267,5
918,152,5
791,32,1
113,269,4
697,481,2
315,1,4
744,54,1
765,76,2
375,180,2
201,484,4
885,331,2
760,430,5
554,495,1
337,470,4
73,2,4
273,139,3
751,184,4
253,162,4
22,45,3
291,487,5
682,341,2
293,256,1
161,447,5
568,62,2
301,40,5
265,164,4
803,176,4
788,153,4
614,476,1
821,186,4
76,380,4
547,151,4
13,57,1
16,105,1
993,386,5
202,14,4
859,302,5
139,143,2
132,200,3
582,178,2
54,59,5
225,382,4
528,314,1
346,319,2
383,462,4
668,339,5
147,221,2
69,93,5
976,431,5
482,324,4
191,42,3
123,240,5
526,386,3
485,137,1
374,119,4
896,236,4
213,177,1
110,252,2
622,125,2
335,58,2
112,137,2
284,93,5
566,33,4
89,425,5
617,404,3
917,287,2
356,226,4
188,351,1
251,223,1
513,326,3
1000,230,5
754,31,4
82,183,5
262,213,4
306,439,4
955,496,3
732,156,3
417,79,2
72,111,1
571,474,5
182,495,3
161,388,1
222,239,1
154,277,3
852,74,3
266,199,5
592,14,5
396,332,3
720,289,3
177,55,5
66,59,2
910,315,4
961,283,4
38,50,2
343,132,4
916,398,3
545,473,3
188,163,1
647,372,3
813,326,5
458,320,1
658,262,2
53,341,3
72,484,2
126,399,1
484,244,5
593,268,2
931,268,2
704,66,5
23,471,3
520,135,2
406,142,4
805,77,1
463,477,2
446,483,3
370,336,5
285,54,1
795,465,1
242,389,3
927,130,1
292,134,3
334,394,2
85,26,5
991,478,2
796,391,1
551,444,5
109,230,5
137,127,3
684,68,4
108,182,5
542,400,1
542,478,5
794,400,4
883,196,4
176,45,4
847,329,1
228,422,5
405,243,4
821,360,3
176,14,5
860,221,5
870,52,1
132,343,4
210,297,1
433,426,4
740,409,2
245,381,1
175,15,5
371,172,4
796,302,5
47,295,2
874,45,5
815,444,2
590,406,1
94,263,5
222,157,3
678,398,3
533,462,5
674,292,3
841,29,5
852,188,3
80,331,5
844,172,4
973,350,1
180,395,3
652,245,2
991,51,4
838,202,3
154,170,3
596,331,3
562,244,1
252,353,5
465,382,1
603,306,5
803,362,3
145,298,1
199,118,2
557,440,5
261,272,3
839,161,1
935,286,2
891,41,2
555,146,2
134,110,1
257,83,2
723,240,5
834,175,1
289,79,3
66,90,1
991,170,5
857,457,2
917,178,3
32,45,3
272,243,2
254,275,5
668,112,3
984,20,2
652,212,1
472,284,3
251,489,4
560,145,4
882,435,5
475,116,5
419,72,4
496,65,5
139,486,3
439,46,5
671,474,2
815,417,2
667,298,1
214,379,2
127,44,2
365,272,4
836,18,5
581,99,3
127,32,2
561,270,2
107,9,4
395,14,5
371,82,2
888,290,1
283,320,5
270,304,1
586,252,4
923,184,2
230,122,4
475,38,3
357,218,4
943,253,1
44,323,2
360,482,5
681,119,5
943,210,3
393,410,2
982,318,4
871,23,1
695,316,1
683,463,2
999,130,5
767,158,3
962,371,1
824,322,4
886,390,3
24,408,4
614,188,3
597,256,3
467,486,1
763,220,4
413,481,4
78,323,3
637,362,5
429,252,4
258,343,5
846,106,5
880,375,3
318,499,4
546,174,1
12,275,1
424,14,3
112,211,5
565,247,4
113,382,2
548,425,5
395,240,4
529,401,3
21,369,4
582,93,3
620,422,1
185,429,1
469,229,3
265,16,4
626,215,4
412,407,4
15,382,4
829,493,3
330,62,5
993,395,4
729,433,5
270,78,5
668,17,3
984,187,4
929,471,2
976,152,5
266,406,2
134,159,5
10,416,1
717,397,4
660,415,5
358,325,5
901,179,3
944,450,2
136,360,4
82,256,4
464,362,3
306,105,3
483,6,1
965,264,2
842,463,5
887,382,5
396,22,1
214,38,3
334,49,1
211,57,4
445,257,2
112,468,5
981,331,1
361,75,2
816,428,5
232,329,4
917,315,1
272,280,1
656,143,1
856,147,2
871,219,4
903,219,2
517,296,5
391,236,4
974,301,4
462,93,2
955,301,1
583,77,1
603,233,1
821,444,5
89,398,5
76,462,5
455,410,1
330,116,4
337,448,5
539,376,2
52,165,3
272,127,3
190,224,5
490,170,5
403,323,5
882,365,4
384,246,4
506,383,1
283,10,4
759,436,4
529,212,3
294,443,3
486,71,4
181,174,4
793,89,3
642,94,4
964,185,4
587,190,4
727,296,2
593,411,5
980,288,3
673,318,3
412,45,4
664,326,1
630,115,5
310,196,3
530,451,3
63,15,4
545,108,2
158,322,4
996,122,2
307,291,4
323,254,1
867,408,3
441,109,4
283,49,4
861,224,1
421,375,4
157,362,3
634,354,4
860,308,5
718,160,5
97,87,3
898,412,1
550,112,5
164,277,4
294,234,3
774,440,4
793,452,1
460,421,3
185,7,4
292,13,1
810,479,1
185,81,2
942,442,3
907,426,2
142,191,2
875,396,3
536,64,2
50,228,1
305,232,3
768,123,5
669,141,5
677,8,2
890,26,1
410,7,1
83,47,2
51,308,3
671,123,5
192,399,3
88,79,4
42,221,4
82,16,5
832,161,2
912,419,5
810,277,3
213,416,5
970,4,3
897,361,2
499,163,2
792,28,4
512,33,4
767,341,1
383,457,4
333,462,3
311,42,4
673,177,1
284,189,5
548,247,3
718,107,4
118,92,4
921,453,2
444,302,2
800,2,5
355,259,5
935,413,5
903,320,3
917,68,2
972,164,4
929,68,4
869,225,1
89,3,5
747,408,3
676,39,2
739,418,5
221,332,5
777,204,5
231,135,5
506,197,5
336,339,5
66,478,1
58,499,4
41,193,2
912,445,3
775,179,2
646,116,2
211,304,3
847,434,1
389,412,3
91,444,5
797,148,5
610,105,2
229,399,3
658,455,5
408,317,1
274,486,3
4,10,5
514,380,4
287,433,3
726,84,1
918,169,2
455,296,4
874,187,1
418,83,4
310,408,4
545,249,5
135,176,5
102,60,3
674,57,5
534,154,5
447,174,2
406,353,2
509,273,5
680,372,4
332,47,1
547,189,3
882,256,2
6,83,2
40,43,2
752,220,3
672,196,3
812,337,1
509,411,4
12,77,5
256,234,1
793,193,2
969,109,5
601,171,2
74,235,3
864,81,3
79,319,2
766,365,1
59,350,3
75,71,5
792,492,3
759,187,5
213,242,3
941,186,4
278,246,3
568,84,2
161,328,5
446,65,5
957,129,1
24,198,1
14,361,5
692,193,3
410,248,5
511,224,4
709,234,4
243,437,4
413,393,1
877,413,4
155,452,3
586,3,2
585,123,1
4,384,1
409,316,5
32,91,2
925,168,2
546,248,2
600,319,1
980,216,5
719,209,4
504,207,1
352,238,3
55,433,1
777,79,4
431,363,5
912,411,5
494,82,3
390,225,5
509,250,3
868,488,4
472,24,1
579,167,1
779,251,1
600,494,4
336,200,5
275,100,3
493,359,1
160,498,5
308,308,5
514,285,5
588,426,4
827,383,1
566,46,4
221,490,2
552,351,3
588,421,2
321,257,3
801,10,1
691,53,3
363,235,3
70,203,1
348,443,1
598,273,3
567,438,4
858,255,5
181,255,5
578,491,3
225,47,4
127,494,5
853,414,2
24,104,3
975,158,3
311,281,3
938,226,5
188,307,5
547,326,4
246,54,3
870,41,4
736,105,5
967,80,1
71,401,2
692,343,3
906,433,5
498,385,3
526,440,3
102,260,2
227,112,1
966,162,4
521,167,1
995,35,4
428,258,2
343,118,4
430,490,3
971,78,5
246,222,1
816,380,4
82,296,3
193,123,3
615,143,4
23,278,3
725,377,5
809,112,3
107,463,2
143,450,2
959,266,3
229,487,3
177,90,3
110,253,5
677,299,2
168,318,3
565,359,2
531,217,5
651,281,4
501,471,1
644,299,5
650,416,5
274,31,4
466,215,4
291,364,4
696,342,3
89,130,2
447,483,4
953,122,5
32,143,4
510,203,1
276,457,3
462,233,5
663,39,3
877,160,5
988,23,4
44,270,1
615,61,4
912,160,3
872,205,5
715,38,2
902,431,5
828,137,4
439,424,2
376,207,4
418,201,5
77,495,1
166,417,1
457,37,5
167,68,5
703,163,5
479,97,4
10,252,1
980,353,2
342,387,2
241,460,2
636,435,3
223,136,2
83,172,1
963,255,3
763,121,3
717,227,3
963,371,1
892,359,5
201,330,4
760,102,1
858,352,1
973,228,5
484,156,3
251,254,2
758,147,4
721,421,4
661,147,3
337,253,3
403,301,4
271,126,3
743,430,3
163,244,4
864,428,2
802,181,3
431,301,5
687,432,1
362,390,1
726,147,4
757,491,4
340,138,2
153,458,2
781,264,5
327,204,4
283,232,4
100,102,5
666,98,5
226,76,2
553,149,5
506,291,1
835,476,5
26,215,4
5,287,4
820,208,4
986,207,5
52,14,3
898,335,5
296,186,2
743,471,5
832,306,2
41,480,4
941,336,4
118,284,4
169,170,3
607,337,4
179,414,3
478,305,2
422,122,1
543,143,1
273,224,4
387,303,3
927,447,3
276,114,5
9,14,3
380,202,4
84,432,1
511,208,4
585,18,1
967,29,3
732,113,4
318,290,3
606,18,2
874,371,3
4,246,1
835,37,2
510,272,1
604,340,4
40,156,4
326,106,5
565,331,4
209,499,1
295,144,1
861,54,4
771,376,5
181,298,5
673,17,3
735,129,3
164,151,2
680,10,4
662,5,3
102,91,4
863,156,4
889,208,1
59,166,3
60,140,1
20,429,2
587,370,2
16,327,5
746,36,3
426,49,4
335,488,4
189,232,1
155,399,3
507,42,5
331,317,3
599,155,1
369,360,3
632,344,2
164,205,5
249,250,2
826,31,4
324,2,1
194,268,1
235,30,1
80,29,1
130,17,2
398,158,1
161,485,2
525,448,2
717,10,5
515,396,4
170,416,1
951,257,3
465,185,5
11,334,1
652,209,1
631,83,5
449,363,3
852,395,2
813,443,2
88,9,5
812,137,4
749,346,2
53,472,2
378,405,1
913,113,2
726,405,1
206,152,2
846,55,1
695,301,4
857,176,1
319,322,2
666,245,4
537,331,1
97,364,2
79,408,5
645,363,1
61,244,1
817,179,4
90,29,5
476,417,1
656,307,1
249,323,2
636,234,4
716,276,1
245,235,3
344,266,3
271,152,5
236,25,4
163,256,3
84,396,3
575,400,2
670,282,3
492,298,5
598,118,4
892,169,4
176,15,3
211,283,3
376,58,3
519,442,3
817,290,1
618,83,5
81,122,1
820,266,3
267,128,2
162,83,3
704,423,2
457,335,1
830,215,4
585,80,4
226,133,4
29,115,4
221,139,1
644,326,1
134,4,2
350,333,4
932,113,5
859,319,3
216,169,2
191,68,5
992,387,2
767,259,1
122,29,1
762,117,2
486,311,3
571,53,3
200,11,4
889,384,5
474,425,2
47,101,2
356,285,4
122,117,1
937,371,3
94,281,2
293,357,4
172,85,2
329,105,3
994,159,4
837,181,5
582,82,1
953,132,1
888,46,5
538,189,1
896,493,2
203,428,5
671,494,3
589,145,1
84,327,4
310,401,2
247,82,5
609,156,1
840,257,5
746,28,4
650,148,4
414,162,2
376,499,1
313,257,5
2,262,3
194,137,2
284,118,3
357,101,4
806,424,4
554,115,4
51,75,2
830,287,5
498,244,5
834,331,1
342,45,2
530,484,4
328,10,2
509,300,5
685,482,3
23,257,2
733,23,4
979,270,1
861,156,4
545,402,2
343,490,4
772,350,5
162,152,3
478,88,1
571,495,4
329,105,4
142,466,2
184,445,2
447,250,5
688,374,2
994,123,4
973,149,4
123,193,5
575,224,3
933,91,2
404,70,3
593,199,5
909,417,3
19,331,4
914,184,5
719,422,1
858,373,4
12,312,3
183,301,5
979,469,3
432,156,3
694,260,4
880,417,4
426,124,5
596,91,4
399,344,4
973,361,4
690,230,3
355,146,3
413,185,1
780,308,2
879,228,2
749,480,1
723,441,1
161,312,1
751,213,5
554,192,3
989,432,4
155,419,5
954,487,2
536,424,2
407,97,5
634,472,2
302,418,2
877,435,5
711,453,3
907,499,1
923,446,4
959,461,2
173,224,2
135,473,1
988,446,4
705,182,4
391,232,4
213,376,4
369,198,5
937,357,1
247,199,4
878,22,3
879,280,3
64,7,1
198,274,1
468,19,3
909,339,3
482,474,4
264,329,3
461,351,3
401,454,1
900,143,1
114,249,4
337,80,3
150,371,2
494,182,1
740,414,4
911,320,2
200,88,4
843,392,2
349,244,1
499,236,4
56,408,4
504,300,3
37,292,1
308,398,1
928,309,3
428,10,3
42,296,5
514,304,5
955,9,2
472,218,5
334,464,1
134,420,2
842,37,4
700,203,5
390,186,4
408,319,4
391,108,1
96,188,1
420,199,2
807,459,1
650,128,5
854,312,2
893,384,2
169,486,2
363,353,2
941,357,3
579,361,4
602,418,3
806,278,3
154,347,3
356,106,2
896,15,4
660,42,1
735,216,1
999,16,1
893,134,5
554,80,4
750,491,4
756,111,4
677,355,2
170,26,4
602,58,5
862,229,4
457,430,4
293,2,4
105,433,3
397,102,3
88,249,3
407,329,3
883,163,3
755,208,3
731,149,5
246,212,4
360,132,2
49,298,5
433,191,5
116,467,4
835,66,1
862,210,3
245,297,2
561,216,2
676,404,5
798,451,4
431,80,4
124,469,4
783,8,4
797,152,5
473,220,1
570,422,4
505,310,4
839,216,4
256,89,5
608,428,2
308,427,5
437,165,5
595,159,2
441,155,1
127,116,1
186,446,2
138,269,4
431,337,4
947,30,5
885,234,1
575,359,4
498,292,4
823,177,3
153,272,2
589,19,3
41,188,5
767,37,5
5,79,3
281,417,3
21,75,5
403,196,5
266,140,3
470,347,5
952,490,4
189,31,3
111,432,5
499,223,5
917,213,5
653,169,3
404,100,5
558,245,4
662,88,1
579,448,4
220,409,1
45,285,4
542,254,3
553,100,1
757,220,3
439,112,1
81,64,5
785,222,5
527,294,2
808,447,4
983,104,1
475,330,5
566,396,4
747,71,1
926,206,5
976,46,4
373,386,2
599,378,4
388,436,3
312,6,3
650,494,5
926,104,4
518,495,1
316,35,2
915,192,1
448,499,5
901,182,3
520,238,1
203,443,5
164,166,2
425,122,5
467,256,2
697,493,5
259,181,1
32,312,1
590,105,2
752,481,3
502,129,5
308,170,1
883,344,2
996,247,1
806,10,2
109,178,2
265,26,1
157,102,3
585,322,1
739,300,2
570,111,4
678,342,2
94,254,1
391,363,4
224,165,5
615,102,5
781,17,4
595,427,4
148,425,3
678,265,1
986,121,3
79,76,1
88,173,4
994,418,4
700,485,1
203,84,1
632,332,3
320,179,1
767,266,1
553,97,3
382,409,5
951,134,4
254,34,4
418,47,2
146,276,1
726,291,3
631,165,1
721,481,2
350,428,4
299,407,3
699,209,5
230,317,2
362,386,2
933,385,4
187,366,1
881,125,1
636,236,5
302,139,2
29,278,5
112,240,2
996,422,5
964,489,4
272,110,1
511,67,2
49,255,2
555,54,1
497,207,3
148,188,3
850,204,2
833,295,3
981,256,2
80,419,4
53,253,1
722,278,3
836,353,3
625,280,3
770,118,5
483,489,3
75,409,4
819,18,1
675,307,3
990,67,4
611,208,4
196,190,2
807,104,4
654,28,2
245,438,5
800,392,3
173,38,5
964,299,5
443,75,2
290,495,4
550,282,1
298,22,2
813,229,1
737,204,4
767,214,2
540,123,4
977,99,5
293,323,2
576,459,4
807,197,4
197,488,3
504,167,2
548,42,1
700,497,5
961,73,5
979,256,1
227,340,1
292,440,3
569,405,1
969,53,2
847,325,5
323,365,4
717,9,5
446,126,3
876,75,2
483,424,1
711,1,1
689,432,2
666,366,3
661,468,3
168,164,1
596,186,5
411,113,1
454,247,3
443,355,1
368,158,2
405,305,4
455,65,1
363,44,2
622,226,3
780,489,4
160,441,3
100,154,1
787,482,3
417,104,1
454,373,2
901,282,1
21,51,2
958,427,1
211,462,5
442,288,4
984,192,5
801,324,1
68,367,5
946,143,2
191,110,1
503,382,5
743,270,4
989,70,4
979,271,1
653,231,5
558,341,2
540,327,4
775,129,5
207,275,1
556,89,1
927,462,2
814,312,3
58,310,2
174,264,5
85,300,2
13,421,3
523,149,2
853,354,5
312,388,5
911,287,1
67,476,4
550,395,3
378,212,1
147,26,3
305,173,2
871,261,4
158,174,2
9,34,4
133,427,2
831,253,5
220,2,1
787,275,4
714,130,3
589,66,5
679,375,2
197,35,2
796,337,4
978,381,1
123,348,3
569,55,2
755,110,5
396,58,2
428,457,3
858,315,3
119,51,3
808,162,3
729,77,1
129,71,1
804,284,2
693,463,5
365,363,4
486,298,4
434,485,1
797,50,5
88,50,4
715,424,3
903,179,2
602,330,4
863,442,4
193,182,1
718,223,4
687,378,3
76,232,2
350,137,5
376,297,3
391,380,5
157,203,5
727,197,1
51,276,5
934,446,4
514,298,1
394,453,2
438,175,4
290,10,1
985,411,2
31,394,2
859,64,2
834,244,5
524,483,5
398,443,2
5,187,5
701,39,3
823,75,4
790,97,5
498,194,3
151,150,3
49,273,5
979,186,4
158,288,3
740,413,2
629,19,3
273,173,2
733,74,3
510,28,5
644,349,2
1,69,5
346,186,5
200,150,3
973,34,5
804,389,1
83,250,4
952,336,4
276,436,1
45,165,2
664,414,4
732,335,3
352,86,1
662,204,3
325,471,2
619,56,1
324,452,2
17,96,4
988,164,4
37,495,3
827,281,5
817,322,2
323,38,2
117,43,4
688,332,5
911,479,2
526,63,1
605,127,1
180,95,5
835,213,5
183,128,5
404,109,4
63,405,1
260,310,4
560,157,3
678,57,2
72,413,4
193,182,1
571,469,1
802,438,1
9,141,2
410,348,1
574,243,2
184,450,4
837,484,5
144,184,1
646,372,2
451,246,3
183,121,2
479,334,1
664,410,1
703,327,3
208,227,3
578,462,5
107,493,5
53,474,4
356,434,3
108,403,2
816,180,3
433,310,5
738,127,3
471,169,2
425,104,5
653,122,3
48,67,5
540,329,5
908,283,1
334,176,4
887,370,5
237,288,1
8,18,1
363,33,2
894,331,5
309,182,5
3,100,1
962,151,3
708,195,1
912,400,1
390,36,3
186,132,3
427,288,3
838,25,3
976,253,5
832,339,4
336,425,5
291,15,1
883,327,1
358,468,5
607,345,1
191,345,4
494,44,4
500,154,2
529,420,4
992,221,4
116,178,1
746,500,2
824,232,4
990,278,5
515,262,3
930,238,5
857,433,5
411,163,4
885,395,2
461,282,1
781,333,1
911,131,1
535,464,2
458,432,2
707,48,5
161,265,5
596,376,2
794,208,5
354,380,2
577,492,1
328,267,3
704,393,5
101,166,5
709,386,1
887,415,2
172,154,1
179,66,2
10,49,3
750,69,5
165,431,1
809,75,4
938,242,1
764,33,3
657,382,4
262,421,5
478,346,2
574,118,1
304,433,5
578,141,4
965,365,3
808,409,5
492,430,5
391,317,1
160,207,5
710,387,4
925,380,4
937,376,5
893,154,5
943,27,4
875,63,3
9,94,1
892,26,1
745,453,3
562,270,2
979,172,1
230,102,2
301,270,5
850,20,1
401,38,5
128,279,4
83,429,2
377,118,2
573,207,2
526,487,3
519,116,3
650,62,5
762,402,4
419,197,1
432,439,3
132,152,5
480,381,5
835,359,2
472,113,2
461,52,1
699,317,2
629,497,5
489,342,2
952,242,2
601,46,5
368,373,3
143,240,1
311,256,5
753,266,5
862,35,5
667,400,5
15,311,1
160,111,3
196,319,2
297,123,2
264,472,5
703,26,3
32,64,5
901,71,3
257,476,1
371,102,3
952,51,4
714,213,1
736,7,5
786,14,5
117,109,3
420,278,5
346,375,3
184,63,4
345,137,5
6,488,2
252,339,3
759,71,4
15,45,5
427,379,4
735,444,2
720,429,2
176,73,3
866,266,1
509,329,5
528,441,1
628,182,4
544,385,3
751,6,2
377,281,1
614,103,4
476,97,5
35,229,5
845,500,5
412,196,4
740,109,5
763,353,3
521,205,5
994,431,5
344,281,1
130,493,3
927,239,1
351,66,4
494,488,1
971,402,5
958,496,1
68,437,5
729,21,5
126,32,2
990,309,3
319,280,4
628,359,4
776,5,2
663,293,2
25,410,4
186,377,1
998,192,4
358,129,1
938,366,4
473,343,3
987,253,1
626,397,2
298,108,3
25,304,1
944,492,1
338,348,5
635,396,3
995,167,4
979,333,1
696,456,3
836,397,5
627,292,1
665,193,5
689,481,4
842,403,2
346,384,5
745,233,3
519,66,5
591,307,4
594,390,1
608,495,5
354,487,5
587,409,2
929,139,3
24,219,3
925,234,5
52,312,3
428,281,1
697,66,5
620,276,5
531,411,3
20,246,1
342,398,5
498,291,3
538,486,5
708,361,4
805,135,5
640,500,4
439,251,1
953,96,4
117,314,5
882,465,4
543,467,3
816,189,1
752,15,1
947,274,2
261,131,1
578,326,2
515,471,5
382,53,3
762,278,2
718,225,3
217,293,3
802,13,4
163,92,3
804,142,1
613,53,3
697,145,5
695,283,4
94,415,1
27,172,1
830,274,3
2,22,5
627,145,3
851,358,5
141,296,2
869,5,1
634,191,1
380,385,1
798,479,4
84,196,4
571,117,3
575,422,2
69,209,5
273,356,5
140,281,1
867,142,2
765,150,3
924,411,1
358,384,2
958,189,3
890,90,5
622,280,3
772,71,1
814,77,1
78,216,3
358,334,2
482,128,3
603,259,4
430,329,4
481,376,2
27,81,3
446,350,5
182,189,5
412,241,1
20,7,4
891,482,4
213,132,2
776,470,1
205,189,5
809,393,2
64,324,5
919,95,2
177,145,1
813,53,5
530,475,2
512,465,2
95,475,4
396,269,5
814,374,2
650,293,1
371,208,1
228,184,2
700,103,3
270,134,5
9,219,1
151,38,5
625,168,5
290,210,5
918,177,5
855,393,4
807,203,1
264,406,3
49,69,2
157,242,4
923,384,2
710,395,4
548,441,3
618,455,2
664,308,1
222,234,5
298,230,5
976,330,1
818,300,3
414,269,2
729,208,5
275,472,3
213,49,5
542,86,1
370,394,4
786,139,2
591,169,2
397,408,2
80,101,5
301,176,2
385,314,4
637,190,1
750,206,3
539,179,4
368,11,3
478,376,3
858,238,2
637,387,1
12,282,3
708,88,4
428,194,4
122,363,3
659,323,5
999,354,5
517,15,5
223,106,4
705,223,4
227,205,1
290,77,3
359,138,5
778,60,2
65,206,1
560,191,5
273,367,2
985,437,2
64,193,2
40,59,5
510,494,2
5,60,4
531,293,3
845,410,2
395,92,3
612,478,1
381,335,3
299,377,2
306,62,5
853,273,2
738,398,4
916,55,4
754,266,1
738,290,4
875,405,5
841,43,3
443,219,4
694,24,1
831,220,4
166,77,1
558,129,3
483,23,4
56,492,2
925,290,4
665,385,4
157,163,2
265,47,4
468,249,5
918,27,3
179,108,4
290,439,2
591,362,3
479,58,2
108,173,2
145,319,2
834,41,4
279,99,1
140,166,1
920,459,4
302,107,4
24,372,2
635,235,2
439,491,1
973,187,2
583,170,1
802,172,1
44,226,3
706,208,4
368,135,5
14,213,3
37,15,5
806,359,3
504,373,1
807,134,5
615,181,2
409,385,1
55,416,1
577,128,2
643,292,4
310,199,3
10,317,1
556,196,5
797,312,2
812,272,2
724,186,5
951,367,2
247,127,1
195,193,2
682,491,4
74,298,2
953,109,5
94,232,2
635,474,2
653,431,2
951,376,5
152,274,3
947,1,4
766,210,3
490,459,3
873,26,1
706,73,3
623,116,2
102,226,2
969,241,3
719,147,5
443,1,2
4,433,4
844,455,3
802,220,2
441,18,2
162,194,2
851,135,2
184,14,4
86,323,1
313,103,4
260,211,1
261,299,5
235,457,1
87,80,1
491,93,3
238,154,3
48,356,4
698,27,3
32,439,2
209,111,3
882,288,4
186,175,2
925,211,3
911,339,2
586,336,4
217,477,1
243,456,1
316,230,2
304,1,5
459,201,2
517,196,1
780,157,5
437,443,5
688,311,2
139,151,4
359,61,2
506,193,3
403,309,1
75,193,5
608,386,4
926,341,3
781,83,1
105,4,1
82,22,2
53,317,3
830,245,5
392,383,4
697,447,4
57,35,2
991,444,4
887,11,5
530,161,5
89,273,5
929,98,3
387,391,1
161,295,5
97,233,4
192,477,1
419,206,5
852,317,3
561,231,2
941,111,3
147,113,2
91,55,2
835,461,5
516,174,2
985,14,3
76,30,2
459,221,2
694,472,4
115,210,1
385,101,5
588,2,5
871,72,1
910,375,4
538,190,2
488,344,2
59,223,5
565,418,4
416,464,5
998,211,3
494,117,1
69,248,1
587,374,1
547,216,3
105,71,2
322,100,1
325,421,2
653,158,2
860,349,2
55,405,5
479,40,2
129,16,1
868,286,2
386,334,4
454,228,2
842,62,5
424,379,2
443,83,4
942,131,3
458,113,5
953,287,3
203,250,1
516,452,5
723,426,4
861,341,3
623,241,5
920,304,3
791,124,4
93,253,4
502,310,5
333,35,5
678,286,3
85,393,5
790,189,2
144,54,2
279,318,3
470,476,2
816,368,3
185,470,1
92,328,1
963,222,4
149,283,1
188,474,5
424,397,3
80,465,4
357,163,4
666,154,2
208,14,5
893,124,3
927,106,1
964,379,2
428,132,5
373,94,5
340,194,3
5,485,1
972,67,1
121,486,1
719,7,5
816,10,3
518,221,5
339,86,1
264,293,1
519,324,1
78,60,4
428,457,4
861,113,5
418,383,2
823,305,1
109,270,1
771,53,1
120,19,2
774,44,3
797,352,2
350,147,2
672,51,4
964,368,1
746,447,4
891,158,4
317,433,5
726,89,1
267,498,3
20,353,3
615,362,4
192,22,2
425,118,2
310,173,5
661,486,5
395,228,1
735,409,3
411,129,1
424,22,4
567,268,5
807,396,4
895,389,4
659,115,2
502,218,4
28,143,3
227,124,4
832,243,4
709,370,5
107,241,3
35,96,1
716,354,4
125,477,3
534,229,1
290,282,1
887,163,2
313,233,3
119,150,5
248,149,4
733,325,5
27,10,5
122,366,3
66,489,4
564,108,5
855,250,4
586,84,1
762,316,1
577,218,2
593,494,1
432,456,5
328,236,2
77,90,3
226,129,1
901,480,5
637,142,4
347,37,4
102,170,4
777,433,5
951,131,4
718,25,4
179,31,4
241,339,4
41,10,3
284,267,2
490,59,3
381,276,3
76,31,4
343,331,4
486,247,4
797,359,3
86,237,4
590,212,1
214,325,1
286,171,1
374,237,4
762,143,2
849,157,5
850,310,4
566,83,4
257,114,3
578,289,2
200,347,2
324,312,2
163,105,2
825,181,4
706,228,5
411,241,4
937,114,2
111,439,5
251,182,1
656,423,4
785,258,2
26,187,4
393,94,5
39,175,3
247,306,1
341,374,2
952,25,4
537,189,2
734,18,4
137,183,4
987,88,4
983,378,5
908,326,4
411,150,5
943,53,3
756,16,3
407,404,2
339,193,3
998,265,2
403,10,1
748,479,5
671,118,5
575,384,5
102,37,1
980,285,3
147,43,5
784,149,4
608,14,1
312,450,1
529,189,5
335,46,4
982,100,3
587,108,2
52,264,3
565,344,4
453,167,4
144,482,4
750,374,3
169,372,1
902,237,4
121,327,1
832,134,4
366,201,1
523,416,1
831,455,4
738,275,3
891,405,3
985,153,5
873,178,4
620,390,2
948,13,1
9,234,1
487,62,4
524,372,1
907,283,2
25,4,1
603,171,2
684,353,2
294,110,4
151,65,2
936,339,2
156,390,2
222,66,2
819,181,3
507,161,2
553,239,1
151,444,4
199,130,5
574,417,5
817,115,5
538,24,4
957,395,3
733,186,1
705,32,5
18,216,1
805,209,2
47,416,2
742,122,2
868,226,2
83,447,2
864,351,3
457,9,5
921,406,5
260,308,5
50,388,5
824,176,1
577,103,3
718,136,3
627,413,1
326,178,5
640,299,5
625,94,4
881,419,4
628,272,2
227,272,1
322,288,4
880,45,5
272,62,3
950,377,2
177,213,5
456,423,3
920,149,3
952,176,5
978,85,5
435,217,4
566,472,4
302,26,5
838,74,4
338,271,3
609,169,1
441,274,4
616,99,3
761,38,4
48,319,5
41,389,3
977,155,1
250,191,2
41,143,4
555,39,3
280,17,1
962,199,4
774,248,3
451,70,1
486,27,5
55,259,3
836,64,1
396,304,5
992,346,2
610,363,4
869,345,2
713,192,4
2,206,3
845,332,1
441,198,5
50,35,5
752,126,4
919,130,2
810,265,1
780,109,2
161,132,1
581,91,5
324,87,4
847,136,4
583,399,4
949,176,1
680,43,1
179,58,3
583,200,4
355,475,4
917,68,2
509,477,1
77,121,1
617,228,2
86,49,2
23,234,5
786,206,3
597,383,3
333,205,4
696,72,1
552,23,3
79,331,5
457,24,5
137,262,5
452,151,1
605,140,1
502,303,3
656,1,1
385,353,2
929,439,3
510,103,1
215,15,3
137,301,3
268,23,2
542,330,3
240,181,2
64,63,3
291,105,3
209,329,3
95,45,4
5,53,2
514,96,5
274,450,3
364,211,4
424,50,4
252,208,2
453,443,3
681,94,2
419,156,1
291,356,1
885,404,1
79,315,1
90,237,3
619,496,2
452,452,5
582,91,1
163,332,5
239,114,2
418,154,3
720,334,5
561,264,4
840,51,3
498,454,4
68,407,4
294,367,3
611,320,2
154,48,3
675,13,1
218,242,4
146,395,4
522,362,5
873,111,3
694,63,1
770,100,5
714,280,4
195,447,4
831,213,1
788,287,5
931,206,4
759,386,2
876,454,1
260,339,5
853,431,3
69,39,5
577,2,1
958,245,5
970,265,1
325,353,3
468,347,5
665,254,1
82,100,2
848,436,2
686,328,1
311,422,1
729,153,4
293,8,2
800,92,4
634,208,1
419,72,4
611,204,5
654,40,1
491,476,1
395,123,2
585,158,4
125,272,4
517,380,5
158,263,5
452,174,2
169,203,3
301,225,5
54,286,2
209,138,4
696,242,4
751,109,1
456,83,3
84,144,2
659,148,2
366,181,5
544,168,5
553,161,1
29,170,1
629,54,4
728,230,5
603,294,1
895,36,2
394,272,5
68,482,3
963,388,1
747,203,2
595,129,2
454,229,5
353,254,5
291,89,2
157,31,2
987,109,1
869,349,5
514,183,5
238,198,4
842,47,3
594,256,2
198,168,5
609,443,3
806,189,3
110,320,1
998,172,3
546,395,4
624,152,5
560,290,3
64,459,1
560,15,3
74,489,5
286,293,5
991,236,1
539,497,1
342,235,5
380,402,1
446,233,2
822,153,2
280,380,5
255,381,1
304,332,3
988,392,3
656,335,2
182,228,2
450,370,5
613,259,4
206,148,1
633,376,4
492,313,5
859,232,2
294,473,5
233,104,4
95,416,3
86,75,2
868,414,5
215,96,4
80,148,5
10,109,1
404,111,3
360,338,4
926,218,5
357,50,1
779,288,1
39,207,5
143,222,5
165,27,2
643,32,5
260,281,3
785,312,2
839,497,5
616,404,4
848,270,5
424,138,3
331,423,1
744,350,3
693,231,5
877,259,2
149,89,2
807,46,3
443,153,1
697,382,3
780,390,3
897,297,1
978,61,1
347,442,2
660,422,2
895,140,4
991,221,4
332,465,2
371,296,1
849,292,3
626,414,2
111,177,4
966,295,2
962,7,1
549,369,5
642,135,3
351,64,4
946,170,3
444,324,3
338,5,2
567,319,2
21,275,3
644,345,4
241,419,1
34,293,4
101,273,4
933,17,3
441,71,3
738,50,2
406,385,1
469,379,3
263,348,4
861,413,4
958,392,5
218,288,3
888,319,2
654,382,3
235,11,4
744,70,4
290,375,3
751,7,2
725,350,5
274,434,5
70,274,2
84,332,3
433,299,2
431,63,2
87,438,1
993,118,5
671,134,2
834,393,1
474,248,2
750,394,2
431,216,3
165,44,4
353,490,1
40,36,2
911,445,2
125,239,4
428,111,2
802,234,4
631,394,1
36,485,3
900,196,5
436,280,5
168,460,1
244,280,2
359,441,1
215,328,4
830,97,2
766,376,4
222,72,2
276,315,3
213,32,4
796,218,5
946,417,4
679,312,1
128,122,2
279,98,4
683,284,5
654,161,2
199,76,4
133,24,5
238,341,2
625,448,5
288,416,1
979,484,5
46,279,4
970,104,3
750,498,5
841,334,5
480,325,1
317,364,1
210,115,1
154,152,1
570,4,4
982,370,1
685,471,3
35,357,3
893,182,2
745,275,4
405,241,4
509,35,2
888,375,3
924,410,4
751,279,2
677,117,5
61,43,1
175,37,1
288,410,4
602,285,1
560,158,4
822,257,2
656,428,2
7,277,3
96,164,4
711,197,1
817,458,3
797,247,1
871,415,4
946,356,4
403,395,5
289,444,2
51,452,4
177,418,5
64,205,5
502,112,1
874,362,2
787,436,4
866,79,5
318,126,2
726,212,1
615,440,1
876,113,4
791,315,1
406,343,5
896,224,3
224,307,2
110,104,4
460,138,5
703,155,3
877,64,4
61,70,3
802,16,4
558,377,4
182,403,4
943,322,3
17,436,2
350,492,3
725,162,5
420,410,5
322,99,4
913,225,4
158,94,3
819,133,2
557,403,2
259,339,2
800,38,5
772,392,3
444,5,2
723,201,2
782,214,5
447,160,3
329,20,4
860,94,2
471,460,5
33,110,4
314,41,5
544,271,4
308,279,3
927,434,1
508,365,1
15,275,5
521,82,5
353,486,1
891,433,5
848,370,2
472,71,2
551,338,1
742,51,4
716,159,3
735,79,1
380,185,4
491,62,3
279,298,4
400,288,4
834,178,2
399,366,5
147,400,3
905,289,3
149,101,2
266,92,1
173,452,1
584,79,2
922,306,1
47,235,1
718,81,2
131,231,2
639,395,2
725,167,5
126,323,4
479,278,1
300,270,1
774,185,5
471,374,3
642,271,3
145,262,3
199,39,5
142,466,4
165,425,1
219,397,4
429,55,5
498,277,2
833,365,1
886,30,4
619,210,5
424,251,4
851,407,2
851,59,2
207,449,3
993,491,3
502,311,5
789,194,1
373,487,2
163,43,3
678,340,5
202,95,2
897,305,2
290,363,4
354,342,5
935,406,5
441,40,2
360,357,4
759,273,1
969,442,5
631,206,3
319,473,1
687,440,1
838,343,4
849,281,4
692,238,3
103,149,2
913,203,4
635,458,3
991,392,4
230,442,1
969,40,2
333,95,1
741,491,1
455,50,4
901,246,4
117,226,5
29,364,3
55,442,5
510,390,4
790,417,2
961,395,3
403,105,1
808,336,2
412,201,5
484,289,1
586,27,3
946,471,4
463,271,2
8,20,5
960,325,2
607,470,2
346,218,5
594,292,3
508,359,5
308,125,3
430,124,2
199,388,1
398,245,1
19,190,2
934,309,1
994,8,1
486,319,4
380,484,1
584,364,2
358,362,2
128,1,2
369,421,5
855,57,3
90,23,4
942,211,2
600,411,2
86,385,3
203,65,4
282,311,1
768,105,2
590,441,1
954,231,1
820,22,2
743,489,3
578,494,2
664,44,1
510,145,5
78,136,4
244,164,4
732,314,3
265,332,2
775,463,1
465,317,3
181,463,5
221,153,5
94,192,5
963,216,2
648,324,5
721,122,3
228,387,2
948,213,5
754,79,4
970,158,2
102,353,3
731,114,1
287,165,3
774,412,3
865,468,2
915,99,4
620,289,5
614,181,4
337,292,3
256,381,4
525,221,2
883,1,2
281,486,4
945,155,4
319,361,1
7,131,3
416,192,1
340,231,1
408,424,1
790,280,2
811,368,2
469,90,1
362,257,4
250,9,5
707,433,4
849,271,3
599,22,5
59,120,1
358,260,2
755,463,4
420,221,3
280,422,3
610,486,2
987,324,4
438,417,3
121,172,4
434,60,2
919,171,3
174,81,3
411,92,1
728,339,3
275,321,3
365,52,4
218,89,3
859,253,2
398,435,1
281,378,4
536,261,4
917,313,1
518,163,4
86,216,2
836,218,3
195,494,4
66,474,1
163,345,3
996,84,3
89,142,1
216,304,2
301,328,3
494,242,4
802,102,1
715,439,3
747,26,1
152,261,4
684,352,3
759,209,3
548,25,3
741,278,2
244,201,5
369,400,2
229,159,4
830,394,2
40,66,5
89,283,5
710,112,2
66,247,3
105,403,5
516,392,1
268,372,5
663,129,1
287,201,1
329,35,2
939,281,5
414,296,1
480,491,2
473,445,4
693,18,3
275,355,4
423,310,5
226,124,2
989,484,2
125,365,4
473,1,5
574,115,2
286,175,2
633,91,3
585,496,1
200,479,2
217,469,3
886,442,1
381,105,2
490,209,4
56,184,2
604,205,2
444,121,2
132,282,1
12,106,3
56,472,4
752,287,3
535,466,4
838,85,5
702,49,4
508,16,4
426,429,4
101,293,5
733,402,2
779,473,3
751,458,3
241,38,1
648,316,4
98,200,3
678,103,2
460,213,5
85,166,5
673,146,5
793,216,1
963,417,4
342,148,5
842,439,5
299,197,4
660,426,3
364,285,2
914,271,4
480,196,1
966,483,2
749,56,3
427,185,4
719,225,1
620,155,4
197,114,4
122,479,5
856,435,1
625,266,3
363,462,5
797,122,2
742,10,1
322,451,2
317,318,5
725,239,5
593,16,3
341,388,2
876,58,2
291,264,4
542,255,1
662,386,4
389,228,2
76,345,4
868,101,5
802,218,4
747,24,3
702,330,1
258,298,5
124,162,5
240,270,3
220,319,1
845,410,5
979,467,4
328,176,3
791,412,2
19,453,5
101,473,1
172,59,3
736,496,4
99,122,2
733,121,3
294,466,1
585,216,3
156,251,1
539,200,3
993,101,1
844,403,4
157,293,1
697,29,3
215,83,3
780,146,1
505,216,2
445,146,3
962,50,3
906,114,2
16,411,2
105,177,2
703,417,3
628,335,3
139,406,5
327,142,2
861,153,5
801,275,3
940,358,1
166,1,5
601,492,1
644,409,2
584,278,5
120,227,2
621,188,2
746,361,5
215,380,1
287,30,1
917,311,5
212,284,4
137,1,1
494,155,2
881,292,5
851,303,3
211,89,2
388,225,5
296,108,3
806,459,4
920,442,4
321,253,3
493,189,4
824,151,2
874,217,4
660,285,3
602,67,2
555,102,2
53,142,1
89,250,4
543,341,2
344,348,2
83,354,5
296,257,1
934,33,3
909,69,3
604,42,2
433,256,3
945,350,1
644,197,3
842,433,5
556,360,4
122,344,3
969,173,2
197,490,1
228,143,2
376,385,1
233,369,4
241,152,1
379,155,2
826,242,3
396,396,5
711,379,5
139,139,2
175,106,4
150,283,5
796,188,1
300,1,5
943,268,2
458,163,4
678,116,2
841,100,1
980,349,4
355,172,2
511,220,1
941,52,4
467,369,3
318,135,3
903,307,5
406,102,5
807,270,1
756,262,4
481,46,2
989,8,5
867,5,4
718,28,3
275,107,4
899,5,1
882,134,1
813,265,4
990,251,2
550,212,5
202,75,2
221,458,4
492,157,1
995,166,2
26,438,2
152,7,5
836,120,4
777,377,2
300,361,4
957,135,1
48,498,2
280,293,5
183,395,5
292,84,1
238,450,5
176,377,1
760,120,5
673,234,1
505,415,4
921,124,4
402,95,3
365,297,3
379,63,1
678,285,4
30,428,1
340,486,4
93,264,4
228,411,3
830,142,3
779,364,2
192,92,4
500,80,4
395,196,3
134,437,1
841,197,1
743,196,5
23,123,5
937,403,4
829,52,4
386,199,5
314,284,2
416,334,1
536,494,4
645,441,2
369,350,1
591,399,4
514,461,3
543,278,4
430,480,3
76,477,1
281,396,3
724,208,3
882,494,2
261,23,5
153,126,5
645,388,2
920,274,5
36,184,2
360,221,2
372,99,1
553,3,4
335,57,4
361,458,5
440,22,2
921,28,3
119,36,1
415,422,5
693,258,4
725,327,4
509,244,4
173,316,1
765,214,4
279,328,2
244,43,1
128,424,4
782,47,5
634,74,4
820,497,3
301,167,2
325,296,2
776,37,3
384,407,2
119,363,4
587,207,5
661,434,5
376,355,5
460,343,3
69,440,1
991,227,2
804,165,1
834,127,1
726,164,5
194,222,1
216,34,3
637,39,2
866,423,3
368,158,3
454,270,1
207,367,3
367,151,5
864,4,3
539,67,1
885,38,5
484,42,4
807,251,5
588,168,1
743,78,5
857,454,3
784,218,2
934,27,4
955,406,5
486,236,1
261,244,3
354,412,4
509,9,4
806,265,1
351,415,1
928,143,2
930,50,4
979,120,4
464,182,4
343,252,2
227,56,4
62,459,2
274,475,1
562,387,4
448,425,4
751,163,3
292,127,4
729,410,3
785,178,3
959,443,4
899,15,1
26,351,5
24,234,2
922,82,3
274,331,2
99,192,3
751,149,3
574,366,4
25,116,4
432,164,2
588,260,4
649,21,1
42,434,1
591,484,4
705,244,2
303,288,1
548,157,4
979,17,3
557,135,2
389,155,2
817,306,4
252,196,2
504,377,2
41,187,1
992,490,4
787,458,2
133,171,4
225,382,2
599,407,2
348,472,2
419,82,5
136,234,1
459,352,4
745,372,5
588,412,1
224,215,2
567,100,5
902,186,2
615,162,2
442,10,3
549,465,5
491,307,4
39,488,4
51,102,2
61,209,1
594,67,1
847,30,1
83,227,2
356,140,5
586,438,5
489,148,1
239,154,3
552,243,5
940,280,4
806,471,4
538,420,5
119,79,2
373,79,4
48,180,2
339,19,5
216,277,4
668,249,3
701,40,2
562,124,2
727,450,3
788,195,5
902,34,5
539,131,1
72,438,3
766,27,2
775,247,5
954,153,2
100,499,2
417,37,1
332,302,3
844,252,3
229,337,2
580,462,2
400,51,4
843,161,5
204,413,3
719,6,4
155,94,2
277,497,5
404,390,3
552,100,5
202,317,1
793,1,2
561,489,5
494,277,1
245,250,3
587,130,2
970,22,1
243,452,4
266,425,4
574,161,1
655,277,5
64,289,1
805,1,5
808,418,5
56,483,5
973,177,1
304,333,5
639,315,1
692,374,3
487,286,2
965,228,1
944,304,5
214,493,1
413,88,3
885,278,1
855,443,5
664,390,4
664,282,2
680,227,3
902,247,4
416,429,3
137,253,5
94,304,1
481,141,1
837,492,1
20,8,5
716,400,1
818,158,1
886,109,2
677,182,1
475,58,4
863,299,5
331,180,4
186,2,5
818,218,1
337,384,4
717,309,3
840,270,1
668,382,2
403,497,1
988,375,1
107,174,3
806,84,3
472,205,3
508,96,3
495,431,2
569,86,1
869,189,4
889,497,1
744,296,2
473,27,2
409,250,4
929,323,1
134,92,3
359,271,3
551,200,1
728,230,5
619,4,3
813,326,5
565,217,3
267,268,4
514,292,3
520,496,4
192,426,4
118,419,5
494,473,5
913,10,5
950,293,5
894,493,2
598,130,5
512,69,1
5,412,1
957,169,2
998,118,3
477,85,3
841,286,5
464,28,3
640,37,4
338,97,4
338,161,2
939,282,1
445,164,2
706,166,4
667,344,1
810,469,3
135,74,5
218,452,3
880,252,5
14,162,4
431,395,5
264,404,4
212,343,4
164,141,1
676,422,4
623,155,2
305,355,3
989,470,1
613,42,2
434,415,3
937,401,2
795,260,4
750,55,1
283,486,4
494,300,5
654,107,1
589,314,1
528,131,5
192,467,1
811,426,4
332,306,3
944,157,1
699,21,4
272,209,2
155,222,4
726,227,4
818,35,1
943,245,1
900,348,4
395,4,4
417,484,2
65,144,1
884,71,4
918,21,1
84,107,4
769,106,2
661,1,5
526,499,3
311,146,5
936,284,5
110,310,2
495,157,4
185,294,4
302,396,2
11,374,1
396,265,4
192,27,5
777,317,2
462,132,3
307,331,2
814,103,3
347,202,2
313,339,5
313,203,4
497,190,1
833,437,4
825,318,4
913,253,1
479,114,3
519,333,2
946,282,1
273,448,2
909,65,3
950,259,2
475,426,4
227,117,2
223,185,5
242,188,1
437,123,2
838,430,3
444,261,2
921,335,5
414,441,1
478,323,2
334,311,3
987,264,1
472,166,2
931,492,1
335,303,2
348,376,2
495,313,5
610,155,5
750,335,5
991,48,3
886,258,2
556,46,3
603,201,1
669,363,5
374,434,4
333,436,4
749,3,1
492,64,2
984,413,4
540,315,3
100,106,1
908,229,3
541,149,4
997,395,4
198,385,2
763,351,1
972,182,4
329,493,1
324,316,1
31,217,5
250,111,5
595,458,1
560,499,1
554,164,2
113,206,4
635,380,1
975,267,1
704,64,5
758,202,3
512,450,4
362,234,1
629,122,5
39,420,4
207,478,5
68,384,4
813,151,4
121,41,4
875,80,1
409,39,2
651,154,5
53,249,1
288,261,5
648,170,5
409,101,1
738,396,1
55,9,5
319,235,3
375,39,3
867,168,4
248,21,4
501,11,3
211,233,3
348,438,1
467,36,3
723,16,3
466,39,5
291,157,5
678,393,5
765,417,3
793,158,2
372,464,5
269,264,4
878,364,4
447,3,1
607,325,4
858,402,1
187,430,5
338,232,1
260,498,4
350,193,4
917,274,4
100,325,2
919,169,3
23,338,3
656,415,3
787,420,1
557,274,1
383,233,5
604,469,2
870,269,4
221,82,1
344,185,4
61,335,1
667,152,4
731,416,2
578,453,5
643,42,3
141,442,4
598,81,2
933,406,1
613,460,3
216,50,1
860,297,4
175,94,5
581,375,1
434,99,5
256,20,1
554,250,1
652,409,1
401,14,1
768,312,2
260,378,5
626,94,1
795,334,3
668,336,4
129,131,4
92,125,4
439,140,4
948,451,1
221,198,1
839,348,5
876,397,5
336,268,3
953,160,1
740,126,1
610,288,2
554,218,2
659,377,3
377,25,2
843,105,2
523,65,5
824,421,2
485,389,1
224,174,5
441,137,2
103,398,5
817,303,2
979,435,5
950,150,5
651,52,3
118,79,5
18,205,1
170,39,4
244,323,4
97,367,1
951,199,1
804,493,5
267,158,3
436,184,4
150,304,5
551,475,1
958,114,3
845,474,4
288,212,5
307,221,3
56,49,2
612,96,4
29,237,1
773,233,5
416,331,3
670,371,2
773,425,4
285,307,4
764,105,2
869,24,2
416,102,3
95,25,5
128,448,5
30,133,2
925,166,1
929,60,4
985,284,2
360,269,4
414,225,1
873,192,3
655,211,3
218,75,4
83,419,3
209,156,2
364,486,1
111,197,4
989,327,2
236,284,5
471,368,1
513,284,3
398,398,4
401,466,5
160,271,5
933,488,1
483,247,4
672,414,5
789,292,1
912,42,1
327,139,2
509,201,1
355,227,1
991,95,4
112,241,2
197,352,5
597,352,3
625,237,1
659,213,1
53,443,5
586,22,4
738,135,2
570,206,3
650,296,3
45,148,3
305,130,1
614,97,4
317,44,5
170,68,2
660,228,3
531,81,5
457,361,4
423,113,3
825,20,3
110,355,4
651,464,5
74,39,2
376,61,5
631,318,5
267,477,3
205,248,4
822,290,5
948,302,3
760,367,5
519,347,1
486,81,2
355,329,4
172,49,4
302,341,3
179,239,3
427,178,1
91,111,1
227,242,3
847,249,1
190,231,4
301,200,5
731,356,1
217,387,4
321,263,1
721,11,1
746,121,1
52,36,3
16,116,4
306,332,5
398,89,1
466,162,1
145,263,2
755,233,3
478,133,3
152,83,4
633,152,1
284,17,3
583,292,5
29,438,5
622,309,3
637,247,3
725,408,5
601,6,3
201,154,1
197,89,2
980,68,1
398,239,4
579,184,4
990,8,2
896,71,4
413,451,3
24,304,1
679,152,2
79,198,4
130,158,2
488,256,1
940,92,3
323,93,3
285,297,4
495,365,1
751,69,1
203,470,5
696,221,4
838,457,2
605,65,5
876,191,3
626,175,4
280,6,1
504,487,4
869,335,4
664,444,3
137,433,3
175,316,2
702,476,2
606,413,1
52,184,3
733,453,4
386,19,3
700,425,1
155,232,4
623,93,3
892,354,2
707,196,2
646,212,5
982,225,3
282,129,3
930,438,3
470,200,5
993,352,3
852,457,1
80,87,3
881,342,3
102,463,5
473,479,4
545,370,5
887,36,3
275,198,2
37,296,3
187,108,5
939,44,1
385,326,5
211,46,2
718,316,5
76,143,4
983,449,1
851,147,3
286,289,2
569,259,2
706,81,5
279,383,1
836,21,4
990,479,4
611,296,3
274,110,5
17,236,5
920,227,4
879,120,4
791,163,5
221,406,3
516,205,1
989,129,3
560,482,3
220,26,3
710,276,5
502,360,2
548,189,1
440,464,1
967,108,1
92,428,1
718,360,1
543,402,5
670,417,2
658,112,4
2,45,4
491,362,5
990,39,1
393,103,2
118,469,4
600,424,5
21,186,1
651,431,4
262,62,5
603,483,3
348,117,1
277,400,4
579,116,1
147,259,1
490,294,4
791,111,5
402,139,4
733,388,5
345,276,1
656,16,1
318,44,4
83,163,4
514,369,3
380,178,2
1000,460,4
632,300,3
182,372,1
743,427,4
123,314,2
329,275,2
693,80,1
755,466,4
503,372,5
10,478,2
365,245,3
504,187,5
960,341,2
384,299,4
619,174,5
563,186,4
143,347,1
116,444,3
290,178,2
402,376,2
598,392,3
631,162,1
525,269,3
169,298,3
742,70,4
404,227,5
902,19,5
623,286,4
25,497,2
565,196,5
781,428,3
488,323,3
521,38,5
867,59,5
580,62,4
473,295,3
323,106,2
116,373,2
221,332,2
796,105,4
71,401,2
667,33,3
643,498,4
565,37,1
415,7,5
63,450,2
121,498,4
541,398,5
630,414,5
977,105,2
890,119,1
557,296,5
458,103,3
437,353,1
539,121,3
235,336,4
184,296,4
85,469,2
267,423,4
685,306,2
256,440,1
708,151,1
630,390,4
563,123,4
798,251,3
79,236,1
660,254,1
930,207,4
670,28,3
293,247,3
164,342,3
716,4,1
869,351,3
695,200,3
221,415,1
437,121,3
835,134,4
471,335,2
220,23,3
201,71,2
915,91,1
310,19,1
490,272,5
918,414,3
776,217,3
995,174,5
313,31,3
304,64,4
989,114,3
881,181,4
775,335,4
78,360,1
908,443,3
887,241,5
313,258,1
423,299,4
487,251,3
680,214,3
10,173,3
181,42,1
665,422,5
900,225,3
69,386,5
424,463,5
127,350,3
504,253,4
538,396,3
12,369,3
862,282,2
77,201,3
202,442,4
970,285,5
24,277,3
437,216,5
390,236,3
542,214,4
531,22,3
539,69,4
179,305,5
82,45,3
786,384,5
783,271,3
348,423,1
521,29,1
586,370,2
228,455,5
267,84,5
661,102,2
135,92,1
442,127,4
488,184,4
179,101,5
284,148,3
807,310,2
933,216,1
492,244,2
16,125,4
66,333,4
490,254,4
787,2,3
739,256,1
337,456,3
671,298,5
193,268,5
118,484,4
80,53,4
335,168,1
450,334,4
234,445,3
636,340,2
141,179,1
147,424,5
291,320,4
872,336,1
757,32,2
78,24,1
69,376,1
359,413,5
293,99,2
908,37,4
27,162,5
903,235,3
203,356,5
333,466,1
554,409,2
15,36,2
378,162,2
956,184,1
940,394,2
429,274,4
171,363,1
132,231,3
619,346,3
742,476,4
232,408,4
725,260,3
519,453,2
784,164,3
763,227,4
78,163,3
334,16,4
767,492,3
464,37,4
117,298,5
303,165,5
855,379,3
87,237,2
731,322,3
957,138,4
741,128,1
355,355,1
22,457,1
664,122,3
242,421,4
110,19,5
921,432,5
995,393,5
309,478,5
961,301,5
